"","a_log","h_log","h12","log_w","r1_log","r2_log","alpha11","alpha22","alpha12","alpha21","c_log","sigma","sigma2","strtpt","error","a_log.est","h_log.est","h12.est","log_w.est","r1_log.est","r2_log.est","alpha11.est","alpha12.est","alpha22.est","alpha21.est","c_log.est","sigma.est","sigma2.est","converge","BIC","logLik"
"1","-1","-4","1e-04","-6.25","-0.5","-1","5e-04","0.001","0.005","5e-04","-10","0.2","0.2","577360","NaN","0.687703107501853","-8.50221510341938","9.66129707719216","-14.7507962882591","-4.60281428959645","-5.484922517801","0.00494250230058563","0.0791470802060119","0.10253737488891","-0.0205762761436152","-3.76543227204969","0.525645884752383","0.279948453344942","0","3128.6856599519","-1523.71799090126"
"2","-2","-3","-5e-04","-6.25","-1","-1","5e-04","0.005","0.005","0.001","-15","0.2","0.2","289763","function cannot be evaluated at initial parameters","NA","NA","NA","NA","NA","NA","NA","NA","NA","NA","NA","NA","NA","NA","NA","NA"
"3","-2","-2","-2e-04","-7.5","-2","-3","0.001","5e-04","0.005","0.001","-5","0.2","0.2","1170318","NaN","-1.65004782381963","-1.44873298527723","5.71326923786524","-10.8781923828851","-3.4611667013707","-5.17288316372512","0.00186550365252725","0.0272292153800361","0.0760056506860016","-0.0149875669950775","-2.87074253487832","0.525305294635808","0.280106177303338","0","3128.45597381475","-1523.60314783269"
"4","-3","-4","-5e-04","-8.75","-0.5","-0.5","0.005","5e-04","0.001","0.001","-15","0.2","0.2","218881","NaN","15.43965373348","-7.5661714909551","0.727781632901817","-20.152211699079","-4.35495878701513","-6.20973075761244","0.00383942992002672","0.0620345572380759","0.204204526030782","-0.0437218430250683","-14.7179109136805","0.524246860438725","0.27986084590756","0","3125.45899511253","-1522.10465848158"
"5","-3","-3","-5e-04","-10","-2","-0.5","0.005","0.005","0.005","5e-04","-5","0.2","0.2","1061261","function cannot be evaluated at initial parameters","NA","NA","NA","NA","NA","NA","NA","NA","NA","NA","NA","NA","NA","NA","NA","NA"
"6","-1","-5","1e-04","-7.5","-0.5","-0.5","0.001","0.001","5e-04","0.005","-5","0.2","0.2","1242855","NaN","-1.56876473182449","-4.73387426966762","0.000202603030295547","-9.83523612844336","-0.36912632978297","-0.424384897694226","0.000527544760142357","0.00317373745459174","0.00505136115471563","0.000330059402672096","-5.01651711385511","0.458658294322951","0.47448499085457","0","3566.24268371133","-1742.49650278098"
"7","-1.5","-4","1e-04","-7.5","-2","-3","0.005","5e-04","0.005","0.005","-5","0.2","0.2","1327859","NaN","NaN","NaN","NaN","NaN","NaN","NaN","NaN","NaN","NaN","NaN","NaN","NaN","NaN","NaN","NaN","NaN"
"8","-1.5","-1","1e-04","-6.25","-1","-1","0.005","5e-04","0.001","0.001","-15","0.2","0.2","216749","NaN","3.24442158152066","3.34560917117749","3.51812428142295","-7.09586726382101","-2.83808161781096","-3.72509031797982","0.00129868492964016","0.0152085173837305","0.0176649557219019","-0.00302258982838279","-22.7007772936842","0.525137927795887","0.281616986068521","0","3132.62538031937","-1525.687851085"
"9","-2","-2","-5e-05","-5","-2","-0.5","5e-04","0.001","0.005","5e-04","-5","0.2","0.2","1033718","NaN","-1.51741226777193","-1.53325882394945","-0.000447597514773172","-9.77396162670418","-1.12166680014011","-1.40440930793539","0.000638158693394644","0.00216890152163453","0.00688844739421446","-0.000149020341478478","-5.29131299604028","0.54424331419172","0.349177517431899","0","3241.20531809812","-1579.97781997437"
"10","-3","-2","1e-04","-7.5","-0.5","-1","0.001","5e-04","5e-04","0.001","-15","0.2","0.2","160991","NaN","2.71343491671434","-1.9252223028367","2.21814789014878","-16.0965886117499","-3.42695114383293","-5.10939888425553","0.00183905768154115","0.0264040415049994","0.0708699882849294","-0.0140908403399506","-14.193023259447","0.524812200185827","0.280199290431982","0","3127.13590532964","-1522.94311359013"
"11","-2","-3","-5e-04","-10","-1","-0.5","0.005","5e-04","0.005","0.005","-5","0.2","0.2","1331888","function cannot be evaluated at initial parameters","NA","NA","NA","NA","NA","NA","NA","NA","NA","NA","NA","NA","NA","NA","NA","NA"
"12","-3","-4","1e-04","-5","-2","-3","0.001","0.005","0.001","0.005","-10","0.2","0.2","849981","NaN","-4.54282594569478","1.55727323764115","4.20579819646077","-11.5870573490587","-3.2461987546526","-4.99320587772139","0.00159652676360951","0.0224579854105709","0.0641836812455002","-0.0123370993005501","-10.4211828999124","0.525508464599153","0.280081608963585","0","3128.55886769403","-1523.65459477233"
"13","-1.5","-4","1e-04","-7.5","-2","-1","5e-04","0.005","0.001","0.001","-5","0.2","0.2","1149734","NaN","-1.98288752246959","-1.65088226609258","-0.000401898616422811","-10.0392387688803","-2.37715127273743","-1.55579966830379","0.00212021972346135","-0.00107264795604706","0.00459648372678055","9.05278311502244e-05","-5.07507206449121","0.507629672043873","0.316149003166363","0","3144.66262438383","-1531.70647311723"
"14","-2.5","-4","-5e-04","-7.5","-2","-1","0.001","0.005","0.001","0.005","-10","0.2","0.2","851507","function cannot be evaluated at initial parameters","NA","NA","NA","NA","NA","NA","NA","NA","NA","NA","NA","NA","NA","NA","NA","NA"
"15","-2","-2","-0.00035","-6.25","-1","-0.5","5e-04","5e-04","0.001","0.005","-10","0.2","0.2","814793","function cannot be evaluated at initial parameters","NA","NA","NA","NA","NA","NA","NA","NA","NA","NA","NA","NA","NA","NA","NA","NA"
"16","-1","-1","-0.00035","-8.75","-2","-0.5","0.001","5e-04","5e-04","0.005","-5","0.2","0.2","1224550","NaN","-15.7599353630779","6.17339739941498","5.87934605456465","-13.0292820365006","-1.86986109264546","-2.74421265793191","0.000758908255076023","0.00813708440935804","0.0098235262202619","-0.000918079056446433","-8.90233672362956","0.526113800607641","0.281476227852372","0","3153.52386645589","-1536.13709415326"
"17","-2","-3","-5e-05","-6.25","-1","-1","0.005","0.001","5e-04","0.001","-15","0.2","0.2","182963","NaN","NaN","NaN","NaN","NaN","NaN","NaN","NaN","NaN","NaN","NaN","NaN","NaN","NaN","NaN","NaN","NaN"
"18","-2.5","-2","-5e-04","-7.5","-0.5","-0.5","0.005","0.005","5e-04","0.001","-15","0.2","0.2","202142","NaN","NaN","NaN","NaN","NaN","NaN","NaN","NaN","NaN","NaN","NaN","NaN","NaN","NaN","NaN","NaN","NaN"
"19","-3","-4","-0.00035","-8.75","-0.5","-0.5","5e-04","0.001","5e-04","0.005","-10","0.2","0.2","781406","NaN","-1.76922899462611","-5.3063235423887","0.00205699866169455","-10.2258230502516","-0.705710825885092","-0.984234388033173","0.000455635085011232","0.00484499858090344","0.00477452541850845","0.000237391874930814","-9.00021947974873","0.647022321521574","0.359671414905287","0","3394.43062491003","-1656.59047338033"
"20","-2","-3","1e-04","-6.25","-0.5","-1","5e-04","5e-04","0.005","5e-04","-15","0.2","0.2","104863","NaN","-1.55648913826271","-2.65864821346544","0.000247727210446999","-9.52022676861281","-0.797198553859131","-1.03032954403034","0.000731238143614444","0.00508119590581381","0.00547142288569715","0.000372073461136153","-15.1470038123848","0.521812399289476","0.393163085207771","0","3333.90825717524","-1626.32928951293"
"21","-3","-3","-2e-04","-8.75","-0.5","-1","0.001","0.005","5e-04","5e-04","-10","0.2","0.2","498311","NaN","NaN","NaN","NaN","NaN","NaN","NaN","NaN","NaN","NaN","NaN","NaN","NaN","NaN","NaN","NaN","NaN"
"22","-1.5","-1","-5e-05","-7.5","-0.5","-3","5e-04","0.005","0.005","0.005","-5","0.2","0.2","1351599","NaN","-1.63797160859836","-1.19313967638639","-0.00132819150230971","-9.81456520513677","-1.02773267719049","-2.380386612316","0.000698281830518831","0.00295680086076213","0.00644184694975149","-0.000278746122946225","-4.67042824687716","0.538741839805568","0.297528258942511","0","3167.0659298843","-1542.90812586747"
"23","-1","-1","-5e-05","-7.5","-2","-3","0.001","5e-04","0.005","5e-04","-10","0.2","0.2","562850","NaN","3.2262225898335","-7.34338680848238","0.704154159778897","-6.32378382565388","-3.68305600075484","-5.24456038761448","0.00219079111002471","0.0333658343552301","0.0816464646339922","-0.0159999075075089","-11.0251561008627","0.524147818959727","0.280169976326561","0","3125.07577264337","-1521.913047247"
"24","-2.5","-2","-5e-04","-8.75","-1","-1","0.005","5e-04","0.005","5e-04","-15","0.2","0.2","115142","NaN","NaN","NaN","NaN","NaN","NaN","NaN","NaN","NaN","NaN","NaN","NaN","NaN","NaN","NaN","NaN","NaN"
"25","-2","-4","-5e-04","-6.25","-2","-3","0.001","0.001","0.001","0.001","-10","0.2","0.2","681008","NaN","-1.99405318083472","-3.34191009968789","-6.56627547699917e-05","-10.8237575356481","-1.27068025060039","-2.69561254610188","0.000655851037867565","0.00222255654228021","0.00971650913708031","-0.000982096727674767","-10.0403323411513","0.439529198798656","0.289788567093755","0","2950.24088293523","-1434.49560239293"
"26","-1.5","-1","-5e-04","-6.25","-2","-1","5e-04","0.005","0.001","5e-04","-5","0.2","0.2","997899","NaN","1.86482569124181","9.26261847580635","-0.330779422713828","-7.72483585107166","-5.04654150748275","-5.97786332449199","0.00723022426441513","0.121784769143289","0.166221074627938","-0.0338948579420914","-22.7710356573305","0.52594569529686","0.279977385829934","0","3129.05213051355","-1523.90122618209"
"27","-2","-1","1e-04","-10","-2","-1","0.001","0.005","0.005","0.001","-15","0.2","0.2","294498","NaN","NaN","NaN","NaN","NaN","NaN","NaN","NaN","NaN","NaN","NaN","NaN","NaN","NaN","NaN","NaN","NaN"
"28","-2","-2","1e-04","-10","-1","-0.5","0.001","5e-04","0.001","5e-04","-15","0.2","0.2","60743","NaN","-2.02398506320968","-4.05851147344176","9.39997301630385e-05","-9.31536606899057","-1.33017419443982","-4.4469269161614","0.00071551558752598","0.00419218374325844","0.0220212612697664","0.0048038870179586","-5.8628565171631","0.452491499541772","0.310216341660826","0","3066.97886579135","-1492.86459382099"
"29","-2.5","-5","-0.00035","-5","-1","-0.5","0.001","5e-04","0.005","0.005","-10","0.2","0.2","871152","function cannot be evaluated at initial parameters","NA","NA","NA","NA","NA","NA","NA","NA","NA","NA","NA","NA","NA","NA","NA","NA"
"30","-1.5","-4","-2e-04","-8.75","-1","-1","5e-04","0.005","5e-04","0.001","-5","0.2","0.2","1099559","function cannot be evaluated at initial parameters","NA","NA","NA","NA","NA","NA","NA","NA","NA","NA","NA","NA","NA","NA","NA","NA"
"31","-2.5","-3","-2e-04","-7.5","-1","-1","0.001","5e-04","0.001","0.005","-10","0.2","0.2","818437","NaN","NaN","NaN","NaN","NaN","NaN","NaN","NaN","NaN","NaN","NaN","NaN","NaN","NaN","NaN","NaN","NaN"
"32","-3","-1","1e-04","-5","-1","-3","0.005","5e-04","0.001","0.005","-5","0.2","0.2","1278121","NaN","-2.97001692616643","-0.0285043953497685","-0.00649753128735357","-9.95618138076652","-1.5450285495753","-2.93652935689828","0.00081045782377665","0.00537242412171497","0.00935333556833959","-0.00109624421390786","-5.15346717895253","0.534651775685004","0.284615101416621","0","3115.82313760208","-1517.28672972635"
"33","-2","-1","-0.00035","-5","-0.5","-0.5","0.001","5e-04","5e-04","0.005","-5","0.2","0.2","1226173","NaN","-2.01411984327766","-0.97828801590124","-0.000774966428219992","-10.0008876618861","-0.503918021595491","-0.485895739308762","0.000625854846296145","0.00402173937124436","0.00476756056770594","0.00037433275726825","-4.99763517973877","0.490006041217163","0.901628318230288","0","4002.60163344417","-1960.6759776474"
"34","-2.5","-5","1e-04","-8.75","-2","-1","0.005","0.001","5e-04","5e-04","-15","0.2","0.2","30227","NaN","NaN","NaN","NaN","NaN","NaN","NaN","NaN","NaN","NaN","NaN","NaN","NaN","NaN","NaN","NaN","NaN"
"35","-2.5","-2","-5e-04","-7.5","-2","-3","0.005","0.001","0.001","0.001","-10","0.2","0.2","686517","NaN","15.5287793394785","-9.02381212531347","0.674223516833535","-3.41789427417319","-3.75215986080075","-5.38101519481066","0.00229210100488068","0.0351773719191303","0.0943102505887794","-0.0183504447562259","-25.6625411424379","0.523932004029131","0.279907017732699","0","3125.09574119167","-1521.92303152115"
"36","-2.5","-2","-0.00035","-5","-1","-0.5","0.005","0.005","5e-04","0.005","-10","0.2","0.2","809292","NaN","-2.48032420607186","-1.97253233872724","-0.000323283428025479","-10.0331268158547","-0.998463131945339","-0.523366810257119","0.000671682875831281","0.00493973752970813","0.00722111904284287","0.000304319978572093","-9.90664633380069","0.476373458516925","0.736447991583762","0","3726.98857971282","-1822.86945078172"
"37","-2","-3","-5e-04","-10","-2","-0.5","0.005","5e-04","0.005","0.001","-15","0.2","0.2","268138","NaN","-15.196274388896","12.3375936767879","10.7561724229306","-10.0395497047629","-4.19365671632857","-5.16373565644178","0.00333708566071323","0.0536852719009614","0.0752628916814609","-0.0147079394035083","-19.6593610320712","0.52587451547265","0.280089786906612","0","3129.03266089584","-1523.89149137324"
"38","-1.5","-3","1e-04","-5","-2","-1","0.005","0.001","0.001","0.005","-5","0.2","0.2","1296239","NaN","NaN","NaN","NaN","NaN","NaN","NaN","NaN","NaN","NaN","NaN","NaN","NaN","NaN","NaN","NaN","NaN"
"39","-2.5","-2","-0.00035","-10","-0.5","-3","5e-04","5e-04","0.005","0.005","-5","0.2","0.2","1317542","NaN","-2.49162296037577","-0.191001139622699","2.00078432947457","-9.98962728675147","-3.41441005604785","-3.11843513437813","0.00178292092924063","0.0263866892672803","0.0125963095835523","-0.00149002305590429","-3.70974353134373","0.524745569087984","0.282019657114427","0","3134.54248733265","-1526.64640459164"
"40","-2","-4","-5e-04","-10","-0.5","-0.5","5e-04","5e-04","0.001","0.005","-10","0.2","0.2","815008","function cannot be evaluated at initial parameters","NA","NA","NA","NA","NA","NA","NA","NA","NA","NA","NA","NA","NA","NA","NA","NA"
"41","-3","-5","-0.00035","-10","-0.5","-0.5","0.005","0.005","0.001","0.001","-15","0.2","0.2","252526","NaN","NaN","NaN","NaN","NaN","NaN","NaN","NaN","NaN","NaN","NaN","NaN","NaN","NaN","NaN","NaN","NaN"
"42","-1.5","-4","1e-04","-5","-2","-3","0.005","0.001","0.005","0.005","-10","0.2","0.2","889359","NaN","-1.74348603608019","-3.50266046659764","2.40277033958675","-10.1014488943172","-3.33708204939899","-5.08832960165709","0.00172666267447352","0.0243020665635137","0.0703193821310338","-0.0137222795945828","-23.9682687955065","0.52524920790342","0.280117847201338","0","3127.25460817447","-1523.00246501255"
"43","-1.5","-5","-0.00035","-6.25","-2","-1","0.001","0.005","0.001","5e-04","-10","0.2","0.2","547904","NaN","NaN","NaN","NaN","NaN","NaN","NaN","NaN","NaN","NaN","NaN","NaN","NaN","NaN","NaN","NaN","NaN"
"44","-2.5","-5","-5e-05","-5","-2","-1","0.005","5e-04","5e-04","0.005","-5","0.2","0.2","1228702","NaN","-2.53312649802387","-5.1413459371792","-0.105636193477184","-9.79999739078204","-1.97540640127825","-1.1345683298749","0.000785654508464032","0.010426269572296","0.00503349646058493","0.000201241645148394","-3.06813129054302","0.536109816737138","0.343601543221248","0","3358.60415935367","-1638.67724060215"
"45","-2.5","-2","-2e-04","-5","-1","-3","0.001","0.005","0.001","0.001","-5","0.2","0.2","1154317","NaN","-1.62377300313387","-3.01076108085941","-7.47002044300467e-05","-8.93404005454326","-0.816087296226351","-3.2943526161953","0.00064041363846262","0.00198124189636282","0.0161966960300237","-0.00185908184939739","-5.05887014745872","0.433513637251307","0.283921601403733","0","2976.10441458478","-1447.4273682177"
"46","-3","-5","-2e-04","-6.25","-1","-1","0.001","5e-04","0.005","0.005","-10","0.2","0.2","869176","function cannot be evaluated at initial parameters","NA","NA","NA","NA","NA","NA","NA","NA","NA","NA","NA","NA","NA","NA","NA","NA"
"47","-1.5","-5","1e-04","-6.25","-2","-0.5","0.001","0.005","5e-04","5e-04","-5","0.2","0.2","954854","NaN","-2.10312022869472","-5.63776258932576","0.261175420587975","-9.41276849084347","-2.54509953920117","-4.06881441403777","0.00100600992151674","0.0125231884560482","0.0265362596279565","-0.004650068573745","-3.53182830678576","0.522859170111457","0.280696070052576","0","3127.98371579428","-1523.36701882245"
"48","-2.5","-5","-0.00035","-5","-1","-3","0.001","0.005","0.005","0.005","-10","0.2","0.2","901152","NaN","-2.47299598973682","-5.01618484911702","-2.38439553817152e-05","-8.55121523274275","-1.18942242490965","-3.80674512316225","0.000421821568746415","0.00253946866854144","0.0230532146000349","-0.00199847916878471","-9.99801726681896","0.444603422508952","0.281813417514599","0","2983.35102847069","-1451.05067516066"
"49","-1.5","-1","-5e-05","-7.5","-2","-1","5e-04","0.005","5e-04","5e-04","-10","0.2","0.2","491599","NaN","-7.70492173256776","7.66223141234881","-0.147807065109476","-7.60542906781826","-4.44990440839691","-5.57876400073784","0.00419759134230314","0.0684214176361025","0.112157820394033","-0.0226157574629404","-8.69877385130001","0.525880906018236","0.280150249567046","0","3128.9679547739","-1523.85913831226"
"50","-1","-4","-0.00035","-6.25","-2","-0.5","0.001","0.005","0.001","0.001","-10","0.2","0.2","701660","function cannot be evaluated at initial parameters","NA","NA","NA","NA","NA","NA","NA","NA","NA","NA","NA","NA","NA","NA","NA","NA"
"51","-2","-3","1e-04","-10","-0.5","-0.5","0.005","0.001","0.001","5e-04","-10","0.2","0.2","539488","NaN","-174.67872597298","294.992915794104","33.5383928217032","-292.422768603791","-3.35232602966704","-8.77055355255061","0.00184569863924778","0.0242576078459073","2.15810699421821","-0.616399348004356","-213.912056913395","0.525915442214205","0.28062170540261","0","3130.86260005654","-1524.80646095358"
"52","-3","-3","-2e-04","-8.75","-2","-3","0.001","5e-04","0.005","5e-04","-15","0.2","0.2","107061","NaN","-2.06614642946003","-3.523331807142","-6.59121686654186e-05","-9.77160055369125","-2.44936217602387","-2.64492431526039","0.000886809037319662","-0.00072190647649554","0.00884743116872834","-0.000567213902753765","-14.5309237784645","0.457572595949931","0.287265926690644","0","2990.93787303046","-1454.84409744054"
"53","-1.5","-1","-2e-04","-7.5","-0.5","-0.5","0.001","5e-04","0.005","0.001","-15","0.2","0.2","264074","NaN","21.5225280049299","-16.8223501212794","20.8654177135999","-45.9190032111963","-4.03409658359104","-6.6615586037597","0.00300407756503297","0.0460789965988883","0.320007268296372","-0.0688172452811376","-6.31149629181248","0.525719669423285","0.280073190887645","0","3128.50739853521","-1523.62886019292"
"54","-1.5","-3","-2e-04","-5","-1","-1","0.001","0.005","5e-04","0.001","-15","0.2","0.2","194314","NaN","2.92889644156619","-2.978461592794","3.9599211552362","-9.98392514897665","-3.6180965972065","-1.0363165751462","0.00177036695539699","0.0357875325423931","0.00487770250488894","0.00022253603201852","-2.14548743440375","0.524693651553369","0.354252018482482","0","3371.3849323991","-1645.06762712486"
"55","-2","-5","1e-04","-8.75","-0.5","-1","0.001","0.001","0.001","0.001","-15","0.2","0.2","228353","NaN","-2.19004167879582","-3.05896642782773","-0.000106198458228059","-8.11889668599267","-4.35886301276937","-3.55832912789063","0.00591328580648818","-0.00288314461568607","0.0158508459208189","-0.00013329962301846","-11.4285844071565","0.471923739673317","0.284874828948946","0","3038.30237154211","-1478.52634669637"
"56","-1","-2","-0.00035","-6.25","-1","-3","5e-04","5e-04","5e-04","0.005","-15","0.2","0.2","304795","NaN","-0.0786689766312271","-4.25432479296722","2.67833690423728","-9.42729244079374","-3.07320905445381","-7.06959695793957","0.00142629853170867","0.0192277748811384","0.491710122619222","-0.10232794163858","-18.2532965810175","0.52494387682855","0.280007408394382","0","3127.11189872856","-1522.93111028959"
"57","-1","-2","-2e-04","-8.75","-1","-1","0.005","5e-04","0.001","0.001","-15","0.2","0.2","216445","NaN","-4.79823258564184","-13.0841067365631","20.9682881088128","1.20711039431996","-3.74244160966179","-4.68789228415142","0.00226201449543976","0.0354044277985057","0.0482343596342567","-0.00884487069403893","-29.2977333033358","0.525688351922356","0.280213630876122","0","3129.07888845427","-1523.91460515245"
"58","-2","-1","-0.00035","-8.75","-2","-3","5e-04","0.001","5e-04","0.005","-10","0.2","0.2","776423","NaN","-2.29626934235785","-0.828506100891172","-0.000877650736590989","-9.61222964561477","-2.20113745870669","-3.05834197761776","0.00113529699547449","0.00709201851427995","0.0131837027424133","-0.00164003509764631","-9.50865101024631","0.485341226980603","0.283650018354504","0","3076.24606150889","-1497.49819167976"
"59","-3","-4","-2e-04","-5","-0.5","-3","5e-04","0.005","0.005","5e-04","-15","0.2","0.2","136806","NaN","-1.86970138221165","-3.26287270934182","-7.64401218893225e-05","-11.864439407997","-1.2648414543187","-3.9238400224092","0.000699236712286732","0.00110896904112404","0.024999477950298","-0.00432344114887902","-15.0324451198041","0.437225114359459","0.279079090125639","0","2933.56923944004","-1426.15978064533"
"60","-2","-4","-2e-04","-10","-1","-0.5","0.001","5e-04","5e-04","0.005","-15","0.2","0.2","313808","function cannot be evaluated at initial parameters","NA","NA","NA","NA","NA","NA","NA","NA","NA","NA","NA","NA","NA","NA","NA","NA"
"61","-1.5","-5","-5e-04","-5","-1","-0.5","0.005","5e-04","5e-04","5e-04","-5","0.2","0.2","927379","NaN","-1.17506037031393","-2.96578562663908","-9.88641141124106e-05","-9.42274041789898","-0.992674674702001","-1.72811199321512","0.000841043860251898","-0.00062249911358958","0.00482001579478293","2.80945944209637e-05","-6.57487492046543","0.486554442722328","0.308432812071508","0","3133.11397168223","-1525.93214676643"
"62","-3","-5","-5e-04","-8.75","-1","-3","5e-04","5e-04","0.005","0.001","-10","0.2","0.2","709501","NaN","-1.75451669046855","-4.88173815220623","4.04826396442321e-06","-10.0789949496629","-0.830023788058271","-3.70519254493487","0.000457079415376332","0.00174031262199492","0.0253006088930017","-0.00353636263782374","-9.46862688065037","0.43428424935125","0.280178309148409","0","2914.67017173337","-1416.710246792"
"63","-1","-1","-5e-04","-5","-1","-1","5e-04","0.005","5e-04","0.005","-5","0.2","0.2","1251775","NaN","1.56399041612914","1.82753149146608","0.411717487807738","-8.62197348124631","-2.79510901132706","-4.88283654996478","0.00120234609040428","0.0151279751253662","0.0564947043356842","-0.0108785747759617","-5.1208077020979","0.525778422695844","0.279856672166916","0","3130.59724271921","-1524.67378228492"
"64","-1","-1","-5e-05","-8.75","-0.5","-1","5e-04","0.001","0.005","5e-04","-5","0.2","0.2","1032725","NaN","-0.11939326729636","-0.371141643440625","1.24917758397836","-8.53461390422224","-2.97432156736971","-4.4726679181506","0.00134984670633763","0.0176674288617305","0.0389122349847196","-0.00713758172437236","-2.89162899169079","0.524826259782922","0.280269329750264","0","3128.65228155212","-1523.70130170137"
"65","-3","-2","-5e-04","-6.25","-1","-3","0.001","5e-04","0.001","5e-04","-10","0.2","0.2","512891","NaN","NaN","NaN","NaN","NaN","NaN","NaN","NaN","NaN","NaN","NaN","NaN","NaN","NaN","NaN","NaN","NaN"
"66","-3","-4","1e-04","-8.75","-0.5","-3","0.001","0.005","0.001","0.005","-15","0.2","0.2","395231","NaN","-2.25103736734242","-3.11386105393398","-9.7256743949225e-05","-11.8925615348843","-5.56183039085965","-5.73168141777475","0.0132832751314637","-0.00771540715856413","0.138416545603827","-0.0235665121628594","-8.09331869724861","0.468879975649132","0.280209003162952","0","3011.1071387847","-1464.92873031766"
"67","-1.5","-3","-2e-04","-6.25","-1","-0.5","0.005","0.005","0.001","5e-04","-10","0.2","0.2","556064","function cannot be evaluated at initial parameters","NA","NA","NA","NA","NA","NA","NA","NA","NA","NA","NA","NA","NA","NA","NA","NA"
"68","-3","-1","-0.00035","-8.75","-0.5","-1","0.001","0.001","5e-04","0.001","-10","0.2","0.2","633296","NaN","-1.49513019587261","-13.0162869731013","0.546459598297578","-2.23901383071613","-2.93688126186649","-4.3612729117973","0.00142623931362916","0.0170935012852059","0.0363016473463369","-0.00608151962388605","-4.22219447800078","0.523408369533494","0.280594903482461","0","3124.45320695686","-1521.60176440374"
"69","-3","-4","-5e-04","-10","-1","-1","0.005","0.005","0.005","0.005","-5","0.2","0.2","1363756","function cannot be evaluated at initial parameters","NA","NA","NA","NA","NA","NA","NA","NA","NA","NA","NA","NA","NA","NA","NA","NA"
"70","-2","-1","-0.00035","-5","-2","-1","0.005","5e-04","0.001","5e-04","-15","0.2","0.2","64298","NaN","4.82935233675512","-5.21290125075288","0.735936829781206","-15.8666497665247","-3.84816884562365","-4.45435765084343","0.00248562550146898","0.0386380401649316","0.0386247957563213","-0.00693490110452491","-6.09979740161509","0.523865550945387","0.280299394470512","0","3125.95535679821","-1522.35283932442"
"71","-2","-5","-2e-04","-7.5","-1","-0.5","5e-04","0.001","5e-04","5e-04","-5","0.2","0.2","932803","NaN","-3.53731552030201","-5.01775777154277","6.14864214281709","-7.90096707617088","-3.50044320487716","-5.02413969441074","0.00189919026113328","0.0282473684884249","0.066135159821114","-0.0126873993276072","-6.21802175411726","0.525427731505162","0.280179951119879","0","3128.31471140071","-1523.53251662567"
"72","-2","-3","-2e-04","-6.25","-2","-0.5","0.005","5e-04","0.005","0.005","-10","0.2","0.2","876063","function cannot be evaluated at initial parameters","NA","NA","NA","NA","NA","NA","NA","NA","NA","NA","NA","NA","NA","NA","NA","NA"
"73","-1","-4","1e-04","-7.5","-1","-1","0.001","0.001","0.001","0.005","-10","0.2","0.2","835360","NaN","-0.379043780323402","-2.49549196111977","1.31166977844149","-8.463136780479","-2.40787466129608","-4.73835405749979","0.000997312840373571","0.0114106864283596","0.0461293106592768","-0.0093323592511014","-10.7953890553548","0.527495415073516","0.281217779325021","0","3128.91180986224","-1523.83106585644"
"74","-1.5","-3","-2e-04","-10","-2","-0.5","0.001","0.001","5e-04","0.005","-5","0.2","0.2","1241314","function cannot be evaluated at initial parameters","NA","NA","NA","NA","NA","NA","NA","NA","NA","NA","NA","NA","NA","NA","NA","NA"
"75","-2.5","-1","-2e-04","-10","-1","-0.5","0.001","5e-04","5e-04","0.005","-5","0.2","0.2","1225072","NaN","NaN","NaN","NaN","NaN","NaN","NaN","NaN","NaN","NaN","NaN","NaN","NaN","NaN","NaN","NaN","NaN"
"76","-3","-1","-5e-05","-7.5","-1","-0.5","0.001","0.005","0.005","0.005","-10","0.2","0.2","904721","NaN","NaN","NaN","NaN","NaN","NaN","NaN","NaN","NaN","NaN","NaN","NaN","NaN","NaN","NaN","NaN","NaN"
"77","-1.5","-3","-5e-05","-5","-1","-3","5e-04","0.005","0.005","0.001","-10","0.2","0.2","743714","NaN","-2.27221238186246","-4.23306047742728","-2.15704382735322e-05","-15.0839436032968","-3.74104145075571","-3.34316726158993","0.00236998889981734","0.00508771372770595","0.0131902311954493","-0.00189834762800995","-11.3475150147971","0.471267452396764","0.281163625744253","0","3020.35634247157","-1469.5533321611"
"78","-1","-5","-2e-04","-10","-1","-1","5e-04","0.005","5e-04","0.001","-10","0.2","0.2","643805","NaN","-2.61237993984559","-2.27236231980259","-0.000230230874255318","-11.5991364016872","-7.31745408474484","-2.07223585663408","0.048721014507238","0.439382027928415","0.00683991137983621","-0.000193553616641699","-97.6763511996183","0.477501330986585","0.29438520517287","0","3078.65271131499","-1498.70151658281"
"79","-3","-3","-0.00035","-5","-0.5","-0.5","5e-04","0.001","0.005","0.001","-15","0.2","0.2","275536","NaN","-1.3897112590909","154.250836729157","-48.2382699968551","-119.073336268947","-3.50318515833231","-7.86682988800554","0.00176863507787404","0.0291198817965194","1.16313841598227","-0.0783904546439588","-464.1201013753","0.526667449998337","0.285450889497423","0","3148.98102156966","-1533.86567171014"
"80","-1.5","-4","-2e-04","-6.25","-1","-3","0.001","5e-04","5e-04","0.001","-5","0.2","0.2","1069809","NaN","-2.17859471580289","-2.68281622661458","-0.000130000578025844","-7.46480384268975","-2.42084067670558","-3.44842159182685","0.0014859871242102","0.00266478189598485","0.00942671365273994","-0.00101324844146858","-4.64200565017229","0.460237754849445","0.272784335680871","0","3028.66375915494","-1473.70704050278"
"81","-2.5","-4","-2e-04","-5","-1","-3","0.001","0.005","0.001","0.005","-10","0.2","0.2","850557","function cannot be evaluated at initial parameters","NA","NA","NA","NA","NA","NA","NA","NA","NA","NA","NA","NA","NA","NA","NA","NA"
"82","-2.5","-3","-2e-04","-6.25","-2","-1","0.005","0.001","0.005","0.005","-5","0.2","0.2","1346687","function cannot be evaluated at initial parameters","NA","NA","NA","NA","NA","NA","NA","NA","NA","NA","NA","NA","NA","NA","NA","NA"
"83","-1","-3","1e-04","-7.5","-1","-3","0.001","0.005","5e-04","0.001","-15","0.2","0.2","192240","NaN","0.797124874527601","2.98897271439363","1.11659142546896","-10.2650825735107","-3.34262420891837","-4.623270126179","0.00169631798818078","0.0243605786438449","0.0451228527638629","-0.00833478702667263","-11.616081546223","0.525889985307676","0.280213514930792","0","3129.11362062387","-1523.93197123725"
"84","-2","-4","-5e-04","-8.75","-2","-1","0.001","0.001","0.001","0.001","-10","0.2","0.2","682633","NaN","-2.06116202285292","-2.43498792061216","2.84149205509144","-11.0537262208216","-3.29623172480114","-5.11851692598811","0.00166380239995437","0.02347924056627","0.0718038697931709","-0.0141798944614098","-8.59025186675366","0.525172581058351","0.280089846487378","0","3127.52670096586","-1523.13851140824"
"85","-2.5","-5","-5e-04","-5","-0.5","-3","5e-04","0.001","5e-04","5e-04","-5","0.2","0.2","929877","function cannot be evaluated at initial parameters","NA","NA","NA","NA","NA","NA","NA","NA","NA","NA","NA","NA","NA","NA","NA","NA"
"86","-1.5","-3","-5e-05","-6.25","-1","-3","0.005","5e-04","0.005","5e-04","-15","0.2","0.2","113589","NaN","-2.51558611910612","-6.15893246688246","2.8445505222116","-8.31257235898054","-4.19506366091781","-4.91977264878876","0.00344860746756891","0.0536257683812966","0.0597948183918041","-0.0114477378757129","-11.3745758934251","0.525161336346775","0.280218274726203","0","3127.86415982011","-1523.30724083537"
"87","-2.5","-1","-5e-05","-10","-1","-0.5","0.001","0.005","5e-04","0.001","-10","0.2","0.2","651347","NaN","NaN","NaN","NaN","NaN","NaN","NaN","NaN","NaN","NaN","NaN","NaN","NaN","NaN","NaN","NaN","NaN"
"88","-2","-4","-0.00035","-7.5","-2","-0.5","5e-04","0.001","0.001","0.005","-15","0.2","0.2","375283","NaN","-3.65638534241558","-5.36368905327557","4.47090039098417","-9.87631519014132","-5.21675999629707","-2.82269744359322","0.00373133744070815","0.115810282515658","0.0100501682141839","-0.000963511703225241","-12.5973466971854","0.525707417999764","0.283177927794232","0","3143.68713482874","-1531.21872833968"
"89","-2.5","-3","-5e-04","-8.75","-0.5","-0.5","5e-04","5e-04","0.001","5e-04","-15","0.2","0.2","55762","NaN","NaN","NaN","NaN","NaN","NaN","NaN","NaN","NaN","NaN","NaN","NaN","NaN","NaN","NaN","NaN","NaN"
"90","-2","-1","-5e-04","-6.25","-0.5","-0.5","5e-04","5e-04","0.001","0.001","-5","0.2","0.2","1119148","NaN","19.8155413274109","-8.81294939456181","0.713401042723217","-9.18990290793772","-4.59779516958292","-4.74000468062928","0.00463908306728287","0.0783204162429744","0.049890738062401","-0.00942488900487821","-9.99153206116232","0.524134030545461","0.28016268340009","0","3126.1105142278","-1522.43041803922"
"91","-2.5","-1","-5e-05","-10","-0.5","-3","0.001","0.005","5e-04","5e-04","-15","0.2","0.2","40722","NaN","-1.9007557769012","-0.652709445955186","-0.00242795604469697","-9.81420744007191","-1.5852729606086","-2.8144640356131","0.00071554963849898","0.00502209587913861","0.00962109512843999","-0.000720446965782595","-14.265088993124","0.494587806304094","0.279737804931133","0","3104.32728256237","-1511.5388022065"
"92","-2.5","-1","-5e-05","-10","-2","-3","5e-04","0.001","5e-04","0.001","-10","0.2","0.2","624472","NaN","-1.68761172478971","-3.23882482981632","-8.06087925611734e-05","-10.9817670078393","-1.2138261456062","-3.70020695337269","0.000625235692106745","0.000358629751278577","0.0197713725312235","0.001284279417944","-8.75472280750724","0.433672545441656","0.278016060605394","0","3010.70998767759","-1464.73015476411"
"93","-2.5","-3","-5e-05","-10","-2","-1","0.001","5e-04","0.001","5e-04","-5","0.2","0.2","969462","NaN","-1.95803214679739","-1.77188900561879","-0.000347246851938758","-8.53852309886953","-1.63054631518274","-2.16460440698166","0.000761006513853795","0.00344664201804095","0.00746868210957328","-0.000339180863470255","-8.3693964979829","0.476897088917188","0.290230699446589","0","3051.26059762297","-1485.0054597368"
"94","-3","-3","1e-04","-10","-2","-3","0.005","5e-04","5e-04","0.001","-5","0.2","0.2","1074486","NaN","-2.14141939726143","-3.03458406672083","-9.77180328798439e-05","-9.17525934844243","-2.63373273574288","-3.34554815157622","0.00176342717657194","0.00141368247989469","0.0156932393120225","-0.00255719773044941","-5.46859212427086","0.452550920226502","0.279209282234793","0","2998.69121894806","-1458.72077039934"
"95","-1.5","-1","1e-04","-5","-2","-0.5","5e-04","5e-04","5e-04","0.005","-5","0.2","0.2","1219374","NaN","-1.46204432614302","-0.967499047698781","-0.000770383518780398","-10.0804821289325","-1.95031614559504","-0.527373349239594","0.000539509854284174","0.00706824787552007","0.0116976251923404","0.000211239959655931","-4.977214393092","0.423123334043793","0.905181059717829","0","4069.98320270506","-1994.36676227784"
"96","-3","-2","-2e-04","-6.25","-2","-3","0.005","5e-04","0.005","0.001","-10","0.2","0.2","720441","NaN","-2.03077981291474","-3.06662698444659","-0.000104380749730565","-8.65694555108217","-3.32278987335094","-3.38474863286446","0.00308052210648479","-0.0104227153335286","0.0130641080001214","-0.00215086226148396","-10.0463843081742","0.472031563073942","0.282407603908055","0","3006.99487152284","-1462.87259668673"
"97","-1","-1","-5e-05","-10","-2","-3","5e-04","5e-04","0.005","5e-04","-10","0.2","0.2","556975","NaN","-4.98441629109299","5.18254304579608","3.75492959089531","-19.3474515013198","-3.46328840912026","-6.28897771754878","0.00186491787821508","0.027308733545302","0.226257271902995","-0.0465603780564564","-15.2968977250856","0.525704648366816","0.280032181610828","0","3128.56976906078","-1523.6600454557"
"98","-2.5","-3","-0.00035","-10","-1","-0.5","0.001","5e-04","0.005","0.001","-5","0.2","0.2","1174412","NaN","-2.50104288527851","-2.61368767191412","-0.000170999802694821","-10.0059034623304","-0.9995183602127","-0.502910687068707","0.000627995696270639","0.00409267739817499","0.00490985384182616","0.000336236692644293","-5.10449973915934","0.472581267113359","0.448929791905569","0","3503.84817393326","-1711.29924789194"
