"","a_log","h_log","log_w","kr_log","r1_log","r2_log","alpha11","alpha22","alpha12","alpha21","c_log","sigma","sigma2","strtpt","error","a_log.est","h_log.est","log_w.est","kr_log.est","r1_log.est","r2_log.est","alpha11.est","alpha12.est","alpha22.est","alpha21.est","c_log.est","sigma.est","sigma2.est","converge","BIC","logLik"
"1","-1","-2","-6.25","-1.75","-0.5","-0.5","5e-04","0.005","5e-04","0.005","-15","0.2","0.2","342845","NaN","-1.19331602457767","-1.98120714927753","-10.1836944595438","-0.543558149959315","-0.536435614999048","-0.385904476259661","0.000691308793935355","0.00340179897255317","0.00476224409982717","0.00038234420478591","-14.5732273715754","0.495099961388671","0.479959082970169","0","3598.4766639996","-1758.61349292511"
"2","-2","-5","-7.5","-3","-0.5","-3","5e-04","0.001","0.001","0.005","-5","0.2","0.2","1283803","NaN","-1.4075516149668","-4.24564382230073","-6.16472839331204","-1.10877470209499","-0.692796624183168","-4.87948298493223","0.000518996165752114","0.00239929327023661","0.0497452925155835","-0.0116941201356796","-12.1032615288668","0.4085822524281","0.279283138649225","0","2869.90472724081","-1394.32752454572"
"3","-1.5","-2","-5","-3","-2","-0.5","0.005","0.005","0.005","0.005","-15","0.2","0.2","453869","NaN","-2.22170525750299","-4.79171647491078","-8.9764204463773","-0.333010640243628","-1.62467467709392","-2.71489597680987","0.000431320473719327","0.00255610140110556","0.00994760863519727","-0.000849182019564667","-13.6673744318974","0.441704766255354","0.283377865306929","0","2952.11894271677","-1435.4346322837"
"4","-1","-2","-7.5","-0.5","-0.5","-1","0.001","0.005","0.005","0.001","-10","0.2","0.2","751820","NaN","NaN","NaN","NaN","NaN","NaN","NaN","NaN","NaN","NaN","NaN","NaN","NaN","NaN","NaN","NaN","NaN"
"5","-2.5","-4","-5","-2.375","-0.5","-3","5e-04","5e-04","0.005","0.001","-5","0.2","0.2","1165857","NaN","-1.65271191124594","-3.77448091731558","-8.55789541037901","-3.34094606209302","-0.873423732465132","-3.08548752320395","0.000605954534586118","0.00193800063174674","0.0120569812309235","-0.00134592663470565","-6.11057703297895","0.431908403882584","0.283321262983464","0","2924.44163027883","-1421.59597606473"
"6","-1","-4","-8.75","-1.125","-0.5","-3","0.005","0.001","0.005","0.001","-5","0.2","0.2","1194160","NaN","-1.20860350138657","-3.22895425901904","-10.9636277254301","1.30705475164654","-0.816583235272161","-3.12427481171763","0.000629998634542426","0.00200298217896437","0.0123594420535634","-0.00162727739974174","-5.77388079235628","0.406648570921653","0.279870005586923","0","2887.11852493019","-1402.93442339041"
"7","-3","-3","-6.25","-2.375","-0.5","-1","5e-04","5e-04","5e-04","0.005","-15","0.2","0.2","307086","NaN","-2.71174013553258","-2.85652436834999","-10.6218961065201","1.95864778784724","-1.6240935088192","-2.36571693262472","0.00065638846877466","0.00453385263865244","0.00741234458921216","-0.000403817535098566","-15.3895986275734","0.471105948056546","0.287702567317815","0","3054.42810759958","-1486.5892147251"
"8","-2.5","-3","-7.5","-1.75","-0.5","-1","5e-04","0.001","5e-04","5e-04","-10","0.2","0.2","475937","NaN","NaN","NaN","NaN","NaN","NaN","NaN","NaN","NaN","NaN","NaN","NaN","NaN","NaN","NaN","NaN","NaN"
"9","-3","-2","-7.5","-2.375","-0.5","-0.5","5e-04","0.001","5e-04","0.001","-5","0.2","0.2","1085191","NaN","NaN","NaN","NaN","NaN","NaN","NaN","NaN","NaN","NaN","NaN","NaN","NaN","NaN","NaN","NaN","NaN"
"10","-2","-3","-5","-2.375","-2","-0.5","0.001","0.001","0.001","0.001","-10","0.2","0.2","684613","NaN","-1.25771996423266","-4.21433087329136","-5.30885968042788","-0.266186664844104","-0.839572427673614","-3.00005046901718","0.000500937948431706","0.00304320323797797","0.0130096863997594","-0.00127031590407116","-13.1301107603086","0.414840028881345","0.285607160475109","0","2886.15070977574","-1402.45051581318"
"11","-2.5","-2","-8.75","-1.125","-2","-1","5e-04","0.005","0.001","0.005","-15","0.2","0.2","390417","NaN","-3.78290897617754","2.81288323086327","-6.73311707858867","-5.89283223766569","-6.18462966666728","-6.486188542938","0.0281743454550694","0.35209210899895","0.255643485983358","-0.0605218906913318","-7.26256897497656","0.525844355112712","0.279985579347239","0","3128.87833117746","-1523.81432651404"
"12","-2.5","-4","-5","-1.125","-0.5","-3","0.005","0.001","0.005","0.001","-10","0.2","0.2","738607","NaN","-1.82488336804834","-5.41622038872929","-8.27177004272982","-1.14258621247743","-0.776064733906822","-2.78221913066218","0.00039607486010384","0.00205102262878208","0.0100115151682384","-0.000860718667062275","-9.04732239055611","0.41677852089397","0.280115599290466","0","2911.55449030085","-1415.15240607574"
"13","-3","-4","-5","-2.375","-0.5","-3","5e-04","0.001","5e-04","5e-04","-10","0.2","0.2","473981","NaN","-1.49052574958844","-4.18492926540349","-15.9313653955562","-0.129425467130696","-0.762080474608251","-4.54816945943011","0.000560496749103401","0.00145242893447708","0.0377615235516782","-0.00642553984923749","-11.2254331622119","0.40503695987102","0.279770577603645","0","2864.32664564906","-1391.53848374984"
"14","-2.5","-3","-8.75","-2.375","-1","-0.5","5e-04","5e-04","0.001","0.001","-15","0.2","0.2","207037","NaN","37.0731205188685","61.3285617976673","-43.1728624470134","-14.9405237708932","-6.61934874074041","-6.77718591321274","0.0159650365688266","0.606102555593778","0.368971674704614","-0.0737456304777124","-56.1427131865027","0.526659888886725","0.280048531275475","0","3130.03744589899","-1524.39388387481"
"15","-1.5","-5","-10","-1.125","-0.5","-3","5e-04","5e-04","5e-04","5e-04","-15","0.2","0.2","1629","NaN","NaN","NaN","NaN","NaN","NaN","NaN","NaN","NaN","NaN","NaN","NaN","NaN","NaN","NaN","NaN","NaN"
"16","-2.5","-5","-10","-1.125","-1","-0.5","0.001","0.001","5e-04","5e-04","-5","0.2","0.2","938502","NaN","NaN","NaN","NaN","NaN","NaN","NaN","NaN","NaN","NaN","NaN","NaN","NaN","NaN","NaN","NaN","NaN"
"17","-1.5","-4","-6.25","-2.375","-0.5","-3","0.001","5e-04","0.005","0.001","-10","0.2","0.2","715834","NaN","-1.33820415542803","-3.84821264003144","-7.11706342033768","0.606198914384154","-0.801219378940109","-5.92008298526064","0.000585006361336025","0.00209123433076572","0.106559779340331","-0.0339254955020539","-16.2447835664824","0.405549198072578","0.28625676483171","0","2854.72510801071","-1386.73771493067"
"18","-1","-4","-10","-1.75","-0.5","-0.5","5e-04","5e-04","0.001","0.001","-10","0.2","0.2","663385","NaN","NaN","NaN","NaN","NaN","NaN","NaN","NaN","NaN","NaN","NaN","NaN","NaN","NaN","NaN","NaN","NaN"
"19","-1.5","-2","-8.75","-1.75","-1","-0.5","0.005","5e-04","5e-04","5e-04","-10","0.2","0.2","471544","NaN","NaN","NaN","NaN","NaN","NaN","NaN","NaN","NaN","NaN","NaN","NaN","NaN","NaN","NaN","NaN","NaN"
"20","-1.5","-5","-5","-3","-2","-0.5","0.001","0.005","0.001","0.005","-15","0.2","0.2","397604","NaN","NaN","NaN","NaN","NaN","NaN","NaN","NaN","NaN","NaN","NaN","NaN","NaN","NaN","NaN","NaN","NaN"
"21","-2","-4","-7.5","-3","-0.5","-1","5e-04","0.001","0.005","0.001","-15","0.2","0.2","273183","NaN","NaN","NaN","NaN","NaN","NaN","NaN","NaN","NaN","NaN","NaN","NaN","NaN","NaN","NaN","NaN","NaN"
"22","-1","-1","-7.5","-0.5","-0.5","-1","0.001","5e-04","5e-04","0.001","-5","0.2","0.2","1072450","NaN","NaN","NaN","NaN","NaN","NaN","NaN","NaN","NaN","NaN","NaN","NaN","NaN","NaN","NaN","NaN","NaN"
"23","-3","-1","-7.5","-1.125","-0.5","-1","0.005","5e-04","0.005","0.005","-15","0.2","0.2","419821","NaN","-1.17116537139071","-2.40452764503139","-7.48635983127074","2.43681118307583","-7.7118004534212","-5.45709511755623","-0.0413928029075929","0.270112817679016","0.0652818333383461","-0.0192568599058285","-13.1641067040049","0.466919143482217","0.28165869408275","0","3009.83141000427","-1464.29086592745"
"24","-2.5","-4","-7.5","-3","-0.5","-3","5e-04","5e-04","0.005","5e-04","-10","0.2","0.2","558182","NaN","-1.72384557434427","-4.55012508791497","-9.75566869885534","-3.16106995367317","-0.824604844136162","-4.09171082852145","0.000503979582040139","0.00164590829127817","0.0275000442971818","-0.00484450257884676","-8.07867025745602","0.421662367176255","0.280355662924639","0","2901.37693224972","-1410.06362705017"
"25","-1","-5","-5","-1.75","-2","-1","0.005","5e-04","5e-04","5e-04","-10","0.2","0.2","469105","NaN","-1.91456044393643","-6.35296172276146","-9.04811697498286","-1.34341087254888","-0.895317866562","-3.38595297873847","0.000275699590162522","0.00173775732988928","0.0146854170399491","-0.00250140433164906","-7.90013042351817","0.431054148194452","0.281757709170238","0","2933.04844009676","-1425.89938097369"
"26","-2.5","-2","-6.25","-1.125","-2","-1","0.005","5e-04","5e-04","0.001","-5","0.2","0.2","1076717","NaN","NaN","NaN","NaN","NaN","NaN","NaN","NaN","NaN","NaN","NaN","NaN","NaN","NaN","NaN","NaN","NaN"
"27","-2.5","-4","-6.25","-1.75","-2","-1","5e-04","5e-04","0.001","5e-04","-10","0.2","0.2","508457","NaN","NaN","NaN","NaN","NaN","NaN","NaN","NaN","NaN","NaN","NaN","NaN","NaN","NaN","NaN","NaN","NaN"
"28","-2.5","-1","-6.25","-3","-0.5","-1","0.001","0.001","5e-04","5e-04","-5","0.2","0.2","936972","NaN","NaN","NaN","NaN","NaN","NaN","NaN","NaN","NaN","NaN","NaN","NaN","NaN","NaN","NaN","NaN","NaN"
"29","-3","-4","-8.75","-1.125","-2","-0.5","5e-04","5e-04","0.005","0.005","-5","0.2","0.2","1320406","NaN","-10.6205188845162","0.0114820253457137","-10.3815862518598","7.33610384743383","-4.18453943031372","-4.28207751863962","0.00350990216146209","0.0526591088691021","0.0330697004885114","-0.00564573566511813","-4.0876728498593","0.525981680351778","0.280360380022645","0","3129.90039711399","-1524.32535948231"
"30","-1.5","-2","-5","-2.375","-2","-1","0.005","0.005","0.001","0.005","-5","0.2","0.2","1312744","NaN","1.32665481205131","9.73929665652303","-6.0722538056477","8.36484477059365","-5.79500666325081","-4.5928834517827","0.0138770040973309","0.254450816308996","0.043820658571002","-0.00808383106573331","-14.9731849591918","0.526276674034417","0.280007512519664","0","3129.81464335517","-1524.2824826029"
"31","-1","-1","-7.5","-0.5","-0.5","-0.5","0.005","0.005","0.005","0.001","-15","0.2","0.2","303700","NaN","0.932697348503142","-2.80649665702641","-6.80490674470842","5.13057495673256","-0.974639476852278","-3.02028235786221","0.000676879800724799","0.00250865050688026","0.00638934522641939","-0.0013276929676878","-22.0542052565784","0.419374606271148","0.285677598717021","0","2919.32427899606","-1419.03730042334"
"32","-3","-3","-5","-3","-0.5","-1","5e-04","0.005","0.001","0.005","-15","0.2","0.2","391361","NaN","-1.92840106743736","-5.77857147391841","-7.47038405890542","0.853317898881232","-0.984942654045863","-6.7853606443466","0.000308505089242836","0.00229917553170417","0.0822326703371131","0.000712436987944722","-12.9487345998623","0.42290548280681","0.29562356417033","0","2967.45935013606","-1443.10483599334"
"33","-2","-1","-5","-1.75","-1","-3","0.001","0.005","5e-04","0.001","-10","0.2","0.2","647873","NaN","-0.959089783521119","-3.47262182855606","-6.05531820308667","1.91095997158378","-0.808562788680153","-4.75381924278425","0.000632890768953566","0.00247396768316052","0.00157522561882502","0.00149608147799381","-11.236171156964","0.416388653525349","0.299977108752446","0","2937.02651399248","-1427.88841792155"
"34","-2","-2","-5","-1.75","-1","-3","0.001","0.001","0.001","5e-04","-10","0.2","0.2","529743","NaN","NaN","NaN","NaN","NaN","NaN","NaN","NaN","NaN","NaN","NaN","NaN","NaN","NaN","NaN","NaN","NaN"
"35","-3","-2","-10","-1.125","-2","-0.5","5e-04","0.005","5e-04","5e-04","-15","0.2","0.2","37891","NaN","NaN","NaN","NaN","NaN","NaN","NaN","NaN","NaN","NaN","NaN","NaN","NaN","NaN","NaN","NaN","NaN"
"36","-3","-3","-5","-2.375","-0.5","-1","0.005","0.005","5e-04","0.001","-15","0.2","0.2","200236","NaN","-1.61132896142253","-4.37541007924888","-10.098011676531","-1.24402898642375","-0.785263551674526","-4.15077806727436","0.000543133732588802","0.00156429063614038","0.0235829754009929","-0.00504832064928624","-14.1616791082002","0.411274202586913","0.280614928809799","0","2880.89924970671","-1399.82478577867"
"37","-1","-5","-10","-3","-1","-3","0.005","0.005","5e-04","0.001","-5","0.2","0.2","1108755","NaN","-1.58603370734349","-4.14562355470397","-8.96232178062106","-2.31574324059953","-0.69259301586476","-2.35738624461665","0.000539567935356518","0.00184167785283719","0.00784713128766105","-0.00045994595377829","-5.86875488793982","0.416463328087416","0.296775817161529","0","2939.02682205117","-1428.8885719509"
"38","-3","-4","-6.25","-1.75","-2","-0.5","5e-04","5e-04","0.005","0.001","-15","0.2","0.2","257206","NaN","NaN","NaN","NaN","NaN","NaN","NaN","NaN","NaN","NaN","NaN","NaN","NaN","NaN","NaN","NaN","NaN"
"39","-1.5","-5","-10","-2.375","-2","-3","5e-04","0.005","0.001","0.005","-15","0.2","0.2","388254","NaN","NaN","NaN","NaN","NaN","NaN","NaN","NaN","NaN","NaN","NaN","NaN","NaN","NaN","NaN","NaN","NaN"
"40","-2.5","-1","-6.25","-2.375","-0.5","-1","5e-04","0.001","5e-04","0.005","-5","0.2","0.2","1235222","NaN","NaN","NaN","NaN","NaN","NaN","NaN","NaN","NaN","NaN","NaN","NaN","NaN","NaN","NaN","NaN","NaN"
"41","-1.5","-2","-6.25","-1.75","-1","-0.5","5e-04","5e-04","0.001","0.001","-15","0.2","0.2","207219","NaN","-1.22150115664845","-4.33670129611292","-5.40751746684939","-1.54197586974661","-0.601448703943896","-2.75621060267786","0.000511662552237276","0.0027769571571037","0.00976820512748323","-0.000949731539235648","-15.7510930211537","0.418192761488507","0.284494929043994","0","2899.57571425522","-1409.16301805292"
"42","-1","-1","-7.5","-1.75","-1","-1","0.005","0.001","0.001","5e-04","-5","0.2","0.2","992825","NaN","4.07672292600365","-2.64936892060765","-30.4576731700645","8.58721091959387","-1.0684502281814","-6.72061775193656","0.000699688323331995","0.00217269701432421","0.0218968118388806","0.00191675065343427","-6.83383674434282","0.423487708691574","0.296419773755605","0","2971.79316921975","-1445.27174553519"
"43","-3","-5","-5","-1.125","-0.5","-3","0.001","0.005","5e-04","5e-04","-10","0.2","0.2","496726","NaN","-1.67867323838126","-4.46732796021784","-9.17306780342121","-1.77705533298424","-0.829933850612253","-4.41308001849906","0.000524463513859658","0.00167979598791059","0.0312237324376681","-0.0065013629861873","-8.12870994095281","0.417713511499069","0.280974940117521","0","2888.17227957185","-1403.46130071124"
"44","-2","-1","-5","-0.5","-2","-0.5","0.001","0.001","0.001","0.001","-5","0.2","0.2","1140623","NaN","NaN","NaN","NaN","NaN","NaN","NaN","NaN","NaN","NaN","NaN","NaN","NaN","NaN","NaN","NaN","NaN"
"45","-2","-2","-10","-0.5","-1","-0.5","0.001","0.001","0.005","0.005","-15","0.2","0.2","432393","NaN","-2.19110201417914","8.61566270937645","-11.2365206162264","3.75139639626816","-4.63752996444331","-5.12429779652022","0.00482327760439302","0.0813408705418514","0.0737192160826606","-0.0139481760462868","-21.095117979148","0.526043280857536","0.280156997272562","0","3129.22489531354","-1523.98760858208"
"46","-3","-1","-8.75","-1.75","-1","-1","0.001","5e-04","0.001","5e-04","-10","0.2","0.2","514671","NaN","NaN","NaN","NaN","NaN","NaN","NaN","NaN","NaN","NaN","NaN","NaN","NaN","NaN","NaN","NaN","NaN"
"47","-3","-1","-10","-2.375","-2","-1","0.001","0.001","0.001","0.005","-5","0.2","0.2","1290146","NaN","-2.15354681614683","-1.46214150129088","-8.78202650765486","-2.62135529735175","-2.60367563589575","-2.23925204912515","0.00118352142247691","0.00785876429564049","0.00722932141721128","-0.000337593919365829","-3.66483671776997","0.476314699645175","0.286317962744716","0","3099.43306815271","-1509.09169500167"
"48","-3","-2","-6.25","-1.125","-1","-1","5e-04","0.001","0.001","0.005","-5","0.2","0.2","1285466","NaN","-2.55736061046661","-2.38223303042014","-5.5355208433152","-0.215202113002762","-1.8816094577673","-2.68546595040446","0.000760993434961906","0.00668679024581841","0.00944753621167569","-0.000827073971408969","-5.25170059376429","0.475416510950352","0.281782848700314","0","3056.58540082736","-1487.66786133899"
"49","-3","-1","-8.75","-2.375","-0.5","-1","0.001","5e-04","0.001","5e-04","-5","0.2","0.2","970796","NaN","-1.12489240540712","-3.41445038496476","-4.97771794407935","0.0524151194329836","-0.98642228005643","-5.29233161075179","0.000580038067296731","0.00352000765032446","-0.00876593541910009","0.00351060502397749","-5.13079073401406","0.429286151030257","0.303508831160231","0","3007.71521855564","-1463.23277020313"
"50","-2.5","-5","-6.25","-1.125","-2","-1","0.005","5e-04","0.005","0.001","-10","0.2","0.2","722327","NaN","-1.45755100828035","-3.64186841880779","-11.2398662859907","0.106299098977546","-0.857335267239324","-3.09133712930506","0.000610969027141895","0.0018494339270666","0.0124876007496355","-0.00127219102790508","-7.05749322077963","0.405558372669004","0.280813186870074","0","2874.36426977005","-1396.55729581034"
"51","-1.5","-3","-10","-1.75","-0.5","-0.5","5e-04","5e-04","0.001","0.005","-5","0.2","0.2","1270889","NaN","NaN","NaN","NaN","NaN","NaN","NaN","NaN","NaN","NaN","NaN","NaN","NaN","NaN","NaN","NaN","NaN"
"52","-2","-3","-6.25","-1.75","-1","-0.5","0.005","0.005","5e-04","0.001","-10","0.2","0.2","657213","NaN","-1.49611082660289","-4.8320205140682","-6.16563873198923","-2.84111456615622","-0.616034485736381","-2.59598373134418","0.000451712852443356","0.00243983555190667","0.009001794566147","-0.000706308916152255","-7.1092934374921","0.413799526378693","0.286216967163234","0","2913.05049772231","-1415.90040978647"
"53","-1","-3","-10","-3","-1","-3","0.005","0.001","0.001","5e-04","-5","0.2","0.2","990640","NaN","-1.40064914021963","-4.27847876734101","-7.53271284939047","-0.358003860342218","-0.568557097626115","-2.98782992905003","0.000542747247897869","0.00194246800611941","0.0120441832172435","-0.00132710933607042","-6.21233229114301","0.404405384846919","0.290213233006925","0","2881.93961154065","-1400.34496669564"
"54","-1.5","-1","-7.5","-3","-1","-1","5e-04","0.005","5e-04","5e-04","-15","0.2","0.2","36324","NaN","-0.859822338537633","-1.89671922681811","-2.95673026603067","-3.2026198358786","-1.58844106159983","-4.64498712305228","0.000716054207975643","0.00626075865441264","0.041790233968057","-0.0110415018181542","-13.8797967143147","0.507182865070029","0.28404087757259","0","3089.12967854485","-1503.94000019774"
"55","-1.5","-2","-5","-1.125","-2","-3","5e-04","0.001","0.001","0.001","-15","0.2","0.2","219869","NaN","-1.5151470618412","-4.74863221437745","-6.00429034920244","-0.764982612856651","-0.849640445025881","-4.2076358821067","0.000444121714583085","0.00257974029020327","0.0305966859617779","-0.00430154620448209","-9.51464176832925","0.416735824231863","0.28188627172207","0","2879.45624589024","-1399.10328387043"
"56","-1.5","-4","-7.5","-2.375","-0.5","-1","0.005","0.001","5e-04","0.001","-5","0.2","0.2","1094559","NaN","-1.11695340991646","-3.61070628698152","-5.78576098544604","1.26058377232377","-0.822340345243365","-3.08019363445885","0.000578167250544356","0.00317822607699601","0.015744024581709","-0.000214720269303242","-5.75369096313444","0.405986008316044","0.292593201418","0","2906.82456315151","-1412.78744250107"
"57","-2","-4","-10","-1.125","-2","-1","5e-04","5e-04","0.001","5e-04","-10","0.2","0.2","508508","NaN","NaN","NaN","NaN","NaN","NaN","NaN","NaN","NaN","NaN","NaN","NaN","NaN","NaN","NaN","NaN","NaN"
"58","-1","-4","-5","-1.125","-0.5","-3","5e-04","0.005","5e-04","0.005","-10","0.2","0.2","794860","NaN","NaN","NaN","NaN","NaN","NaN","NaN","NaN","NaN","NaN","NaN","NaN","NaN","NaN","NaN","NaN","NaN"
"59","-2","-4","-7.5","-0.5","-1","-3","0.001","0.001","0.005","0.005","-5","0.2","0.2","1339933","NaN","-1.3354894025205","-4.22882967530092","-6.60133297416257","-0.350651845277456","-0.580497294507863","-2.65167442318314","0.000525140312943963","0.00224832685040869","0.0096011601387217","-0.000784867956822125","-6.28850349537225","0.408311864477556","0.28450851573747","0","2880.5961965066","-1399.67325917861"
"60","-2.5","-1","-6.25","-3","-0.5","-3","0.005","0.001","0.001","0.005","-10","0.2","0.2","839472","NaN","NaN","NaN","NaN","NaN","NaN","NaN","NaN","NaN","NaN","NaN","NaN","NaN","NaN","NaN","NaN","NaN"
"61","-3","-4","-6.25","-3","-1","-0.5","0.005","5e-04","5e-04","5e-04","-10","0.2","0.2","471331","NaN","NaN","NaN","NaN","NaN","NaN","NaN","NaN","NaN","NaN","NaN","NaN","NaN","NaN","NaN","NaN","NaN"
"62","-3","-5","-8.75","-0.5","-0.5","-3","0.001","0.001","0.005","0.005","-5","0.2","0.2","1340526","NaN","NaN","NaN","NaN","NaN","NaN","NaN","NaN","NaN","NaN","NaN","NaN","NaN","NaN","NaN","NaN","NaN"
"63","-2","-1","-5","-2.375","-0.5","-0.5","5e-04","5e-04","5e-04","0.005","-10","0.2","0.2","764623","NaN","-2.65601041001618","2.71232741618795","-5.43660973437994","-2.73254488041854","-2.71957702309134","-5.49213491540846","0.00114859639051035","0.0138716925980812","0.103216232266921","-0.0205017995410798","-8.06742892840094","0.525584035326025","0.280286686760588","0","3129.30240103322","-1524.02636144192"
"64","-1","-3","-6.25","-1.75","-1","-3","0.001","0.005","0.005","5e-04","-10","0.2","0.2","597215","NaN","-1.44584997462589","-4.21074533243934","-7.65044363125064","0.376561689979112","-0.770893385488328","-3.67632313246538","0.000535182697987821","0.00188436433480699","0.0181951540178993","-0.00307047125933424","-9.29143647935985","0.402419595836003","0.280929506264154","0","2855.26559431753","-1387.00795808408"
"65","-1","-2","-7.5","-0.5","-0.5","-0.5","0.001","5e-04","0.005","0.005","-5","0.2","0.2","1327445","NaN","NaN","NaN","NaN","NaN","NaN","NaN","NaN","NaN","NaN","NaN","NaN","NaN","NaN","NaN","NaN","NaN"
"66","-1","-3","-8.75","-1.75","-0.5","-1","0.005","0.001","5e-04","0.001","-10","0.2","0.2","639040","NaN","-1.17579224239169","-4.39038750746296","-6.7929753899924","0.755647884964779","-0.425782435544186","-2.25168276074995","0.000510396570015903","0.00206756158782754","0.00738625669013275","-0.000532173203078845","-9.62795327830239","0.401230002517238","0.28823745600984","0","2900.42320613465","-1409.58676399264"
"67","-2","-2","-5","-1.75","-1","-1","0.001","5e-04","0.001","0.001","-15","0.2","0.2","210993","NaN","-1.71000531792852","-2.99913779386354","-9.52474702795682","1.59442956438353","-11.4538275581656","-6.57045327347593","0.00529144740171542","0.00747340949327012","0.320523192490534","-0.0548674873279633","-8.1703635345178","0.462543095852589","0.280100313708084","0","2996.26093926807","-1457.50563055935"
"68","-2","-5","-10","-1.125","-1","-0.5","0.001","0.005","0.005","0.005","-5","0.2","0.2","1360378","NaN","NaN","NaN","NaN","NaN","NaN","NaN","NaN","NaN","NaN","NaN","NaN","NaN","NaN","NaN","NaN","NaN"
"69","-3","-1","-10","-0.5","-1","-0.5","0.001","0.005","0.001","5e-04","-10","0.2","0.2","550521","NaN","NaN","NaN","NaN","NaN","NaN","NaN","NaN","NaN","NaN","NaN","NaN","NaN","NaN","NaN","NaN","NaN"
"70","-2.5","-2","-6.25","-1.125","-2","-0.5","5e-04","0.001","5e-04","5e-04","-5","0.2","0.2","932342","NaN","-0.575055287232606","-1.78274570204973","-12.6189219967917","1.60220609015853","-1.12881287917638","-4.60400649818682","0.000716201121849291","0.00305023057984011","0.0605868264473308","-0.00576767174482379","-4.1696249877398","0.53818864748102","0.285398891677535","0","3018.57035512236","-1468.66033848649"
"71","-3","-4","-6.25","-1.75","-1","-0.5","0.001","0.005","0.005","0.005","-15","0.2","0.2","449081","NaN","NaN","NaN","NaN","NaN","NaN","NaN","NaN","NaN","NaN","NaN","NaN","NaN","NaN","NaN","NaN","NaN"
"72","-3","-4","-5","-3","-1","-0.5","5e-04","5e-04","0.005","5e-04","-10","0.2","0.2","561356","NaN","NaN","NaN","NaN","NaN","NaN","NaN","NaN","NaN","NaN","NaN","NaN","NaN","NaN","NaN","NaN","NaN"
"73","-2.5","-4","-10","-2.375","-0.5","-3","0.001","0.005","0.005","5e-04","-5","0.2","0.2","1053257","NaN","-1.5037500917973","-4.83628202481593","-6.67222615369379","-0.175976553123564","-0.679643124484042","-4.80646454088221","0.000438089164262256","0.00224138400118458","0.0510356044374381","-0.00908584459131858","-7.89220849034982","0.413712848122796","0.278967239420445","0","2866.18898214609","-1392.46965199836"
"74","-2.5","-4","-8.75","-1.125","-2","-3","0.005","0.001","5e-04","5e-04","-10","0.2","0.2","484157","NaN","-1.41876930598075","-3.91492097035592","-10.8056908570734","0.797783106109637","-0.805412022822031","-3.28204943170205","0.000575414261061088","0.00172777422050247","0.0137146345595476","-0.00192671408372948","-8.74845912194395","0.406642375764705","0.282238150535929","0","2863.22966839065","-1390.98999512064"
"75","-1.5","-1","-10","-0.5","-1","-3","0.001","5e-04","5e-04","0.001","-15","0.2","0.2","158649","NaN","NaN","NaN","NaN","NaN","NaN","NaN","NaN","NaN","NaN","NaN","NaN","NaN","NaN","NaN","NaN","NaN"
"76","-2.5","-2","-7.5","-3","-2","-1","5e-04","0.001","0.001","0.005","-15","0.2","0.2","373192","NaN","-1.61064820525664","-3.74453625628738","-5.07768031352308","-2.22220639900832","-0.930724953784225","-2.23856216014144","0.000551099406842045","0.00381676976595061","0.00744371164544208","-0.000323144028908396","-13.8280964851443","0.445121847386687","0.283704122818125","0","2973.60595493272","-1446.17813839167"
"77","-2.5","-5","-6.25","-1.125","-0.5","-3","0.005","0.001","0.005","0.005","-5","0.2","0.2","1346077","NaN","NaN","NaN","NaN","NaN","NaN","NaN","NaN","NaN","NaN","NaN","NaN","NaN","NaN","NaN","NaN","NaN"
"78","-1.5","-5","-5","-3","-1","-1","0.001","0.001","0.005","0.001","-10","0.2","0.2","733854","NaN","NaN","NaN","NaN","NaN","NaN","NaN","NaN","NaN","NaN","NaN","NaN","NaN","NaN","NaN","NaN","NaN"
"79","-2.5","-3","-7.5","-0.5","-0.5","-1","0.005","5e-04","0.001","0.001","-15","0.2","0.2","217437","NaN","-0.861523578239589","-3.35695384641955","-7.73913193061107","2.83135123083159","-0.78377203258423","-2.77753316845628","0.000612205310668324","0.00232452271057768","0.0102091375249954","-0.000108091187739393","-11.5199033177317","0.409041360611868","0.290838388289063","0","2904.94556005206","-1411.84794095134"
"80","-1","-1","-7.5","-2.375","-2","-1","5e-04","0.005","5e-04","5e-04","-5","0.2","0.2","947075","NaN","-1.38632614878431","-2.38183623429944","-5.48192007037509","-3.35143523625173","-1.23711716784032","-2.5308671719745","0.000614717254484655","0.00480090535518124","0.00993319349953885","-0.000105672677766567","-4.01873926921201","0.470839979352761","0.287442911828673","0","3064.44741160248","-1491.59886672655"
"81","-2","-5","-5","-1.75","-0.5","-0.5","0.001","5e-04","0.001","0.005","-15","0.2","0.2","365353","NaN","-1.59651243134559","-3.90196455575637","-6.38680224037316","-1.57699286249129","-1.11125758989478","-2.04314013220239","0.00055608200933456","0.00269653385423461","0.00655614829692816","-0.000186776221206798","-14.5483991397203","0.427632367289491","0.28923465225479","0","2943.97620069586","-1431.36326127324"
"82","-1.5","-5","-10","-3","-1","-1","0.005","0.005","0.005","0.005","-10","0.2","0.2","908129","NaN","-1.62680959392118","-3.88985805620655","-4.71358260777168","-4.67039964707886","-1.70670913485205","-2.38915672677181","0.0005792112674382","0.00502395470214562","0.00904790169571778","-0.000495751497117977","-8.43577819904474","0.458389129839906","0.286460858563685","0","3004.90173974799","-1461.82603079931"
"83","-1.5","-5","-10","-1.75","-2","-0.5","0.005","0.005","5e-04","0.001","-10","0.2","0.2","656504","NaN","NaN","NaN","NaN","NaN","NaN","NaN","NaN","NaN","NaN","NaN","NaN","NaN","NaN","NaN","NaN","NaN"
"84","-1","-2","-6.25","-1.125","-2","-1","0.001","0.005","0.001","5e-04","-5","0.2","0.2","1003595","NaN","-1.17214615665925","-4.05681736773575","-5.91665744504303","0.760450104218775","-0.666383309302509","-4.38571986626397","0.000528558849243978","0.00259561046280718","0.0388609182250721","-0.00648089236466693","-7.92164812408698","0.402696064370634","0.282387899391898","0","2853.91870382404","-1386.33451283734"
"85","-3","-5","-7.5","-3","-0.5","-3","5e-04","0.001","5e-04","0.005","-15","0.2","0.2","321926","NaN","NaN","NaN","NaN","NaN","NaN","NaN","NaN","NaN","NaN","NaN","NaN","NaN","NaN","NaN","NaN","NaN"
"86","-1.5","-4","-7.5","-0.5","-0.5","-1","0.001","5e-04","0.001","5e-04","-15","0.2","0.2","59934","NaN","-1.12422591083082","-3.81855208101738","-6.15761536344178","2.13299707312076","-0.783326536444808","-2.51496169616079","0.000572016013778643","0.00272516702837261","0.00569132537741304","-0.000520488473566873","-15.3272017853728","0.405907246279106","0.287727811664395","0","2896.03110676364","-1407.39071430713"
"87","-2","-5","-8.75","-2.375","-2","-0.5","5e-04","5e-04","0.001","0.005","-15","0.2","0.2","358278","NaN","-1.62711765069784","-2.1019521717319","-8.75487161619947","0.395960716635738","-2.13818637710042","-6.1540690576021","0.00104573723945283","0.00446018722869635","0.170285267035838","-0.0507128587104125","-15.2669667824585","0.448379810532367","0.282236246863071","0","2970.0525938296","-1444.40145784011"
"88","-2.5","-4","-6.25","-3","-2","-1","0.001","0.005","0.005","0.005","-5","0.2","0.2","1357582","NaN","-0.885512648170915","-3.57443979062974","0.0638466344161467","-5.30275771427167","-3.07374114882505","-6.83614218317926","0.00136056104629752","0.0202824084023985","0.47028268509767","-0.0661033241663571","-5.07450101921789","0.512191020473843","0.280050609145005","0","3115.65798872838","-1517.2041552895"
"89","-1","-2","-5","-0.5","-1","-0.5","5e-04","0.005","0.005","0.001","-10","0.2","0.2","747495","NaN","NaN","NaN","NaN","NaN","NaN","NaN","NaN","NaN","NaN","NaN","NaN","NaN","NaN","NaN","NaN","NaN"
"90","-1","-4","-8.75","-1.125","-1","-0.5","0.005","0.005","0.005","0.001","-15","0.2","0.2","302910","NaN","-1.3702156805813","-5.31959835000367","-5.6320668249653","-1.02040716887237","-0.607329273169362","-1.92193041583565","0.000442397913163975","0.00224351675387693","0.00381807920850502","-0.000171446766692442","-13.8198940878967","0.418451146156129","0.305775200978866","0","2974.97559748903","-1446.86295966983"
"91","-2","-1","-5","-1.125","-0.5","-0.5","0.005","0.005","5e-04","5e-04","-5","0.2","0.2","961748","NaN","-4.0045501363769","-0.337213356883852","-7.3531791239744","2.20667478708398","-2.39240625536513","-4.50567678876906","0.00111341263856254","0.0107809203285984","0.0365771997422118","-0.00875622462176336","-4.28180971730804","0.513916579690566","0.281882333359563","0","3114.42947206788","-1516.58989695925"
"92","-1.5","-1","-7.5","-3","-1","-0.5","5e-04","0.001","0.001","0.005","-5","0.2","0.2","1286949","NaN","-1.40717827217812","-1.07685517186964","-5.29250774126293","-4.06534870468523","-1.07613811595431","-1.605567599481","0.000606045151059989","0.00508610417150749","0.0053351594492385","8.36803947417606e-05","-3.50573569059539","0.544341822479003","0.295575308151881","0","3231.84160742538","-1575.295964638"
"93","-2","-4","-6.25","-1.75","-2","-3","0.005","0.001","5e-04","0.001","-15","0.2","0.2","180333","NaN","-1.27858770732885","-4.309478612734","-6.05847959292826","0.228386668256186","-0.653487599014704","-4.50043601992032","0.000520504982860592","0.00238038721323445","0.0122481421698432","-0.00288510385401913","-11.472682307928","0.406116928533726","0.29015502826135","0","2882.41536812489","-1400.58284498776"
"94","-2","-5","-10","-3","-0.5","-3","5e-04","0.001","0.005","5e-04","-10","0.2","0.2","575003","NaN","-1.56174195353067","-4.57457508442982","-6.60032678160725","-4.26054111072449","-0.698401376704753","-3.84468433956499","0.000496087989294082","0.00223769488442494","0.0222531200625426","-0.00356456475787756","-10.9843005229939","0.418662307550324","0.280619306565617","0","2896.67437209163","-1407.71234697113"
"95","-1","-5","-7.5","-1.75","-0.5","-0.5","5e-04","0.005","0.001","0.001","-5","0.2","0.2","1152805","NaN","NaN","NaN","NaN","NaN","NaN","NaN","NaN","NaN","NaN","NaN","NaN","NaN","NaN","NaN","NaN","NaN"
"96","-2.5","-2","-6.25","-1.125","-0.5","-3","5e-04","0.005","5e-04","0.005","-5","0.2","0.2","1250467","NaN","NaN","NaN","NaN","NaN","NaN","NaN","NaN","NaN","NaN","NaN","NaN","NaN","NaN","NaN","NaN","NaN"
"97","-2","-3","-5","-1.75","-2","-1","0.005","5e-04","5e-04","5e-04","-15","0.2","0.2","13488","NaN","NaN","NaN","NaN","NaN","NaN","NaN","NaN","NaN","NaN","NaN","NaN","NaN","NaN","NaN","NaN","NaN"
"98","-2.5","-4","-6.25","-0.5","-0.5","-0.5","0.001","5e-04","5e-04","5e-04","-15","0.2","0.2","11207","NaN","-1.02144431476409","-3.31315218869056","-7.99898221696703","2.29099446925478","-0.879720475275335","-3.01685513548016","0.000640714278538606","0.00209925983334628","0.0109982679174021","-0.00148079639311347","-21.9999395635306","0.409983087778657","0.282638208539577","0","2879.21147033976","-1398.9808960952"
