"","a_log","h_log","log_w","r1_log","r2_log","alpha11","alpha22","alpha12","alpha21","c_log","sigma","sigma2","strtpt","error","a_log.est","h_log.est","log_w.est","r1_log.est","r2_log.est","alpha11.est","alpha12.est","alpha22.est","alpha21.est","c_log.est","sigma.est","sigma2.est","converge","BIC","logLik"
"1","-3","-5","-6.25","-1","-1","0.001","0.005","0.005","0.001","-15","0.2","0.2","59076","NaN","NaN","NaN","NaN","NaN","NaN","NaN","NaN","NaN","NaN","NaN","NaN","NaN","NaN","NaN","NaN"
"2","-2.5","-3","-10","-0.5","-1","0.001","0.005","0.001","0.001","-10","0.2","0.2","140137","NaN","-2.30615220986988","-2.68588385990907","-8.70142922783832","-1.00573960032724","-1.61573647708989","0.00161997337981185","0.00100778190969228","0.00264802792520689","0.00213876172889098","-8.4182903563256","0.228433074141297","0.253443947564781","0","1912.0802392358","-918.357744584138"
"3","-2","-2","-7.5","-0.5","-1","0.001","0.005","0.001","0.001","-15","0.2","0.2","49068","NaN","-2.31474872645987","-3.84610221524997","-5.26895430695581","-1.09869954774405","-1.57297881224582","0.0011445847399165","0.00167166068326463","0.00240376159218822","0.000942849283432716","-14.9089558339711","0.211604773942329","0.244282566407221","0","1803.72606461397","-864.180657273226"
"4","-3","-3","-5","-0.5","-0.5","5e-04","0.005","0.005","0.005","-5","0.2","0.2","271111","NaN","-3.61952057627448","2.48647134199906","-10.4324005646556","-5.40948291277906","-1.66709048347314","0.0192849036613176","-0.0183479792495029","0.00244593523253826","0.000842571197795899","-1.92524484668842","0.259038162588657","0.241506841826875","0","2014.41446845336","-969.52485919292"
"5","-2.5","-2","-5","-0.5","-1","5e-04","0.001","0.005","5e-04","-15","0.2","0.2","24367","NaN","-2.42512940376573","-3.1955707465121","-6.28372985401702","-1.08799445112461","-2.06845712067468","0.00140062718698263","0.00118496894563849","0.0020434778251867","0.000566054214621764","-16.0378411854278","0.213122915158853","0.249761008964821","0","1823.8665026319","-874.250876282188"
"6","-1","-3","-6.25","-0.5","-3","0.005","0.001","0.005","0.001","-10","0.2","0.2","147715","NaN","-2.67703368051251","-2.97778317767737","-9.05564796362949","-1.25117439513431","-1.63206317568097","0.00147831494098422","0.000911233970915269","0.002442510654852","0.000874445496727843","-8.66766310471064","0.217539321723476","0.241416795969274","0","1826.29668378","-875.465966856239"
"7","-1","-5","-5","-0.5","-1","0.005","0.005","5e-04","0.005","-15","0.2","0.2","70480","NaN","-2.67488221008247","-3.87357623221178","-16.136062446261","-1.18150333659895","-3.20119538998189","0.0012673434919262","0.00080001336048468","0.00242177252163224","-0.00358890076059973","-16.3243819514066","0.218238022613018","0.259389569964862","0","1903.45454922278","-914.044899577627"
"8","-2.5","-4","-10","-1","-1","0.001","0.001","0.001","0.001","-5","0.2","0.2","227757","NaN","-2.68935329859122","-2.78804106683431","-9.7332237106736","-1.25246998814179","-1.58700552530153","0.00157140199915333","0.000906114118223878","0.0024358497483365","0.000945996982056089","-4.84672608011153","0.217756637934628","0.241329776760456","0","1837.0726003144","-880.853925123437"
"9","-1.5","-3","-6.25","-2","-0.5","5e-04","5e-04","0.005","0.001","-5","0.2","0.2","233714","NaN","-2.4172921060086","-3.01347296185518","-8.22657183294094","-1.00878721753931","-1.54047810622172","0.00146222676512849","0.000976024654239635","0.00250296635997721","0.000858242625569721","-4.3755493170366","0.219612466570927","0.24297973191955","0","1863.7864661611","-894.21085804679"
"10","-2","-1","-7.5","-1","-0.5","5e-04","0.005","5e-04","0.005","-10","0.2","0.2","159573","NaN","-8.02833305478566","3.59266667804817","-12.9505432228379","-2.0579003095718","-1.65277729019171","0.00200062842847833","0.0023897561204811","0.00246230402715715","0.000863113024942428","-3.02739443686243","0.248327742507472","0.241177104313667","0","1967.28107861999","-945.958164276231"
"11","-1","-4","-7.5","-0.5","-0.5","5e-04","0.001","0.001","5e-04","-15","0.2","0.2","14560","NaN","-3.6928637390504","-3.57739873104925","-11.2387419304791","-4.41412016671709","-1.62995772015188","0.000269793906382112","-0.0171381272294911","0.00246080649005948","0.000854631675027428","-10.5504291634908","0.252256738898756","0.241188301814133","0","1983.60329345277","-954.119271692623"
"12","-2.5","-1","-10","-1","-1","0.001","5e-04","0.005","0.005","-15","0.2","0.2","82647","NaN","-2.54498041834975","-2.16854750005979","-9.05000106156042","-1.41711038543205","-1.80044197424874","0.00178376663045049","0.000835966713920488","0.00227229515002922","0.000855565623758825","-11.9903614854855","0.222144686119018","0.245275247786799","0","1853.15718449672","-888.896217214597"
"13","-1.5","-5","-6.25","-1","-3","0.005","0.005","0.005","0.005","-5","0.2","0.2","272454","NaN","-1.37629423396626","-2.16954513999405","-6.42457515499584","-0.717244219794282","-1.21590487453653","0.0019278147066004","0.000823047224467266","0.00243184619639511","0.00119088904742544","-12.9463965537608","0.273209938458379","0.254570247984576","0","2093.69412157368","-1009.16468575308"
"14","-2.5","-4","-8.75","-1","-0.5","5e-04","0.005","0.001","0.005","-15","0.2","0.2","78532","NaN","-2.82007522042497","-4.31342996300233","-8.46484535763843","-1.261206414956","-1.67019617799622","0.00115480215738817","0.00100540449066796","0.00248193844520007","0.000856564546670846","-14.688557778873","0.217610584649628","0.241316975708472","0","1825.33780056561","-874.986525249043"
"15","-1.5","-2","-5","-2","-3","0.001","5e-04","0.001","5e-04","-5","0.2","0.2","193619","NaN","NaN","NaN","NaN","NaN","NaN","NaN","NaN","NaN","NaN","NaN","NaN","NaN","NaN","NaN","NaN"
"16","-1.5","-2","-8.75","-0.5","-3","0.005","0.005","5e-04","0.005","-5","0.2","0.2","252294","NaN","-2.76098335611937","-1.68019849320118","-10.0072379004162","-1.42156380058626","-1.65846396296617","0.00181074848440113","0.0011319553130743","0.00241420358327562","0.000903397033733398","-4.82018230752491","0.226025243318112","0.241886661907968","0","1863.61062381316","-894.12293687282"
"17","-2","-2","-6.25","-0.5","-1","0.005","5e-04","5e-04","0.001","-15","0.2","0.2","33343","NaN","-2.8485355149643","-4.5161041623692","-11.5432607665716","-1.2808218056582","-1.48201607683879","0.00114657699783298","0.00084055032355547","0.0025153620119811","0.000954340498817228","-13.7399638268342","0.216730368676212","0.244224058314108","0","1834.77523414369","-879.705242038084"
"18","-2","-2","-7.5","-2","-1","0.001","0.001","5e-04","5e-04","-15","0.2","0.2","4943","NaN","NaN","NaN","NaN","NaN","NaN","NaN","NaN","NaN","NaN","NaN","NaN","NaN","NaN","NaN","NaN"
"19","-2.5","-1","-5","-0.5","-3","5e-04","0.001","0.001","0.001","-15","0.2","0.2","44247","NaN","-2.99072045002527","-2.97272427256001","-9.64320891445456","-1.49677955916686","-1.76529706398351","0.00162037634005984","0.00081957356136488","0.00210373531137493","0.000944577489571091","-13.9378278145078","0.219089268107547","0.243986525925252","0","1840.26344524322","-882.449347587847"
"20","-2.5","-4","-7.5","-0.5","-3","5e-04","0.005","5e-04","0.005","-15","0.2","0.2","67807","NaN","NaN","NaN","NaN","NaN","NaN","NaN","NaN","NaN","NaN","NaN","NaN","NaN","NaN","NaN","NaN"
"21","-2.5","-4","-5","-1","-3","0.001","0.005","0.005","0.001","-15","0.2","0.2","58732","NaN","-2.78986405866197","-7.04078518899715","-8.76294258683785","-1.12452942845583","-1.67889256521663","0.00105959633329839","0.00114369325752969","0.00242090199519483","0.000772950334317494","-12.869000013478","0.218617427411279","0.242002818065859","0","1848.42653955384","-886.530894743157"
"22","-1","-1","-5","-2","-0.5","5e-04","0.005","5e-04","5e-04","-15","0.2","0.2","7625","NaN","0.257495419342842","3.21090255608747","-10.8133587807693","-1.92204484188394","-3.2600191651148","0.00212865329728721","0.00183843777418264","0.00370967970045827","-0.00396100017695471","-14.9222855608637","0.24911212180073","0.260708372114941","0","2044.01394220297","-984.324596067721"
"23","-1","-4","-8.75","-2","-3","0.001","0.005","5e-04","0.005","-5","0.2","0.2","250910","NaN","-3.96053644557813","1.30114183902012","-5.37212664854021","-10.103626130367","-1.68423677385736","0.0665128347141173","-0.0186110479736372","0.00243472272868593","0.000816857920526714","-8.99037049768902","0.259869529963056","0.242803748523221","0","2013.69723789242","-969.166243912449"
"24","-2","-2","-10","-2","-1","0.001","0.005","5e-04","0.001","-10","0.2","0.2","129768","NaN","-2.75304623410631","-3.44296474319957","-9.6682173992515","-1.28817270627682","-1.72843218384964","0.00130702454540962","0.00075995882982345","0.00265302929084284","0.000577065970595701","-9.13905311139611","0.218573032954512","0.239594836759221","0","1827.38673960042","-876.010994766449"
"25","-1.5","-2","-8.75","-1","-0.5","0.005","5e-04","0.001","0.005","-10","0.2","0.2","165169","NaN","NaN","NaN","NaN","NaN","NaN","NaN","NaN","NaN","NaN","NaN","NaN","NaN","NaN","NaN","NaN"
"26","-1","-2","-6.25","-2","-0.5","5e-04","0.001","5e-04","5e-04","-10","0.2","0.2","95345","NaN","NaN","NaN","NaN","NaN","NaN","NaN","NaN","NaN","NaN","NaN","NaN","NaN","NaN","NaN","NaN"
"27","-3","-3","-7.5","-2","-3","0.001","0.005","0.001","5e-04","-15","0.2","0.2","18061","NaN","NaN","NaN","NaN","NaN","NaN","NaN","NaN","NaN","NaN","NaN","NaN","NaN","NaN","NaN","NaN"
"28","-2","-3","-5","-0.5","-3","5e-04","0.005","0.001","0.005","-10","0.2","0.2","169113","NaN","-2.66127163371655","-3.33045175579169","-7.91424175105937","-1.23063791343884","-1.64857480180333","0.00138383280426091","0.000941979104429452","0.00244634142028935","0.000868221961045497","-10.016600146323","0.216813295506943","0.241423140699776","0","1819.73622583607","-872.185737884272"
"29","-3","-1","-6.25","-1","-0.5","0.005","0.005","5e-04","0.001","-10","0.2","0.2","131471","NaN","-2.71552251013145","-3.42881526178011","-7.59403922996972","-1.25547823813028","-1.67573565620405","0.00134385742565757","0.000997810953566741","0.0024592872396923","0.000818867134237786","-7.4791822184754","0.215295815776747","0.241439483333571","0","1818.352637995","-871.493943963741"
"30","-1","-3","-6.25","-2","-0.5","0.005","5e-04","0.001","5e-04","-15","0.2","0.2","13215","NaN","-4.28383923135543","4.41187606332654","-11.0720501863722","-7.49391014931475","-1.67191221912845","0.115366011336486","-0.0362599387525669","0.00242830700766608","0.000841136078486917","-18.2205010567713","0.259707577004843","0.241461919034826","0","2014.65260998318","-969.643929957831"
"31","-2.5","-5","-10","-0.5","-0.5","0.001","0.005","0.005","0.001","-15","0.2","0.2","59502","NaN","NaN","NaN","NaN","NaN","NaN","NaN","NaN","NaN","NaN","NaN","NaN","NaN","NaN","NaN","NaN"
"32","-1","-5","-7.5","-2","-1","0.001","5e-04","0.005","0.005","-10","0.2","0.2","173680","NaN","-2.74744341150311","-5.25395590199899","-6.32743551184186","-1.26719865587367","-1.77373346802263","0.000969080836361972","0.00136794975134181","0.00231917241394249","0.000568986454964548","-11.1633877615532","0.215791059418958","0.244088152566498","0","1821.40902587211","-873.022137902292"
"33","-3","-1","-7.5","-2","-3","0.001","0.001","0.005","0.001","-10","0.2","0.2","146321","NaN","NaN","NaN","NaN","NaN","NaN","NaN","NaN","NaN","NaN","NaN","NaN","NaN","NaN","NaN","NaN"
"34","-2.5","-4","-6.25","-2","-0.5","5e-04","0.005","5e-04","5e-04","-10","0.2","0.2","98707","NaN","NaN","NaN","NaN","NaN","NaN","NaN","NaN","NaN","NaN","NaN","NaN","NaN","NaN","NaN","NaN"
"35","-1","-2","-10","-2","-3","0.001","5e-04","5e-04","5e-04","-15","0.2","0.2","1145","NaN","-1.06893803923633","-0.10021487282224","-2.28540927288731","-1.59382040505654","-1.83507371963944","0.00185183964628886","0.00194917243743572","0.00245315243441672","0.00063277259738902","-11.8581860413137","0.238497431711839","0.237470453164679","0","1924.17886379014","-924.407056861309"
"36","-2.5","-4","-8.75","-0.5","-1","0.005","5e-04","5e-04","0.001","-10","0.2","0.2","124407","NaN","NaN","NaN","NaN","NaN","NaN","NaN","NaN","NaN","NaN","NaN","NaN","NaN","NaN","NaN","NaN"
"37","-1.5","-4","-10","-1","-3","0.005","5e-04","5e-04","0.001","-15","0.2","0.2","32759","NaN","-2.45221314748583","-1.82481770256985","-11.2589055914231","-1.30289289761134","-1.67935961838523","0.00181225041397555","0.000743089024170571","0.00236095268576723","0.000869967754694222","-14.0791045600419","0.226287817098573","0.240325359330093","0","1864.68865197466","-894.661950953569"
"38","-1.5","-2","-7.5","-0.5","-3","0.001","5e-04","0.001","0.001","-15","0.2","0.2","41944","NaN","-2.21392552851625","-5.10946475502537","-5.01381380544608","-0.949007270435953","-1.58027077467314","0.000999883281581788","0.00182615497437088","0.00285299373403289","0.000773304183674224","-21.566742093331","0.220752683127621","0.249434333514465","0","1834.13897697982","-879.38711345615"
"39","-2","-3","-5","-1","-0.5","5e-04","5e-04","0.005","0.005","-5","0.2","0.2","264238","NaN","NaN","NaN","NaN","NaN","NaN","NaN","NaN","NaN","NaN","NaN","NaN","NaN","NaN","NaN","NaN"
"40","-1.5","-5","-5","-2","-0.5","0.005","0.001","0.001","5e-04","-5","0.2","0.2","198854","NaN","NaN","NaN","NaN","NaN","NaN","NaN","NaN","NaN","NaN","NaN","NaN","NaN","NaN","NaN","NaN"
"41","-1.5","-1","-5","-1","-0.5","0.001","0.005","0.005","5e-04","-10","0.2","0.2","120249","NaN","-2.33626509524878","-3.37456677403172","-5.44767983695138","-1.14000892034972","-6.99631883157377","0.00129020221853219","0.00148413661303984","0.000834890877234474","-0.00157761138793809","-9.10319588793","0.212580099487061","0.271382077325272","0","1925.9260090554","-925.280629493941"
"42","-1.5","-5","-8.75","-2","-1","0.001","5e-04","0.001","5e-04","-15","0.2","0.2","11654","NaN","NaN","NaN","NaN","NaN","NaN","NaN","NaN","NaN","NaN","NaN","NaN","NaN","NaN","NaN","NaN"
"43","-1.5","-4","-5","-1","-1","0.005","0.005","0.001","5e-04","-15","0.2","0.2","19734","NaN","-2.47315254001596","-2.93001834212244","-9.18815828366168","-1.09780108019191","-1.11236561198224","0.0016683380111543","0.0006265728833977","0.00218280557908555","0.00152495569094777","-14.4816180474929","0.220809805256385","0.256641955202075","0","1904.39307599193","-914.514162962204"
"44","-2.5","-2","-7.5","-0.5","-1","0.005","0.005","0.001","5e-04","-15","0.2","0.2","19817","NaN","-2.7534562101738","-3.56062265941627","-10.5342558362695","-1.25778510826398","-1.65096004365836","0.0013301423957278","0.000854480743466876","0.00246005713916693","0.000864361057894447","-10.6678071422954","0.217695424672188","0.241552633344991","0","1825.25495190932","-874.9451009209"
"45","-1","-3","-7.5","-0.5","-0.5","0.005","0.001","5e-04","5e-04","-10","0.2","0.2","97815","NaN","NaN","NaN","NaN","NaN","NaN","NaN","NaN","NaN","NaN","NaN","NaN","NaN","NaN","NaN","NaN"
"46","-2.5","-5","-7.5","-0.5","-3","0.005","5e-04","0.005","0.005","-5","0.2","0.2","265802","NaN","NaN","NaN","NaN","NaN","NaN","NaN","NaN","NaN","NaN","NaN","NaN","NaN","NaN","NaN","NaN"
"47","-2","-3","-10","-1","-0.5","5e-04","0.005","0.001","0.001","-15","0.2","0.2","48138","NaN","NaN","NaN","NaN","NaN","NaN","NaN","NaN","NaN","NaN","NaN","NaN","NaN","NaN","NaN","NaN"
"48","-2","-1","-8.75","-0.5","-3","5e-04","0.005","0.001","5e-04","-15","0.2","0.2","17173","NaN","NaN","NaN","NaN","NaN","NaN","NaN","NaN","NaN","NaN","NaN","NaN","NaN","NaN","NaN","NaN"
"49","-2","-4","-5","-2","-3","0.001","0.005","0.001","5e-04","-5","0.2","0.2","200358","NaN","NaN","NaN","NaN","NaN","NaN","NaN","NaN","NaN","NaN","NaN","NaN","NaN","NaN","NaN","NaN"
"50","-2","-1","-7.5","-2","-1","0.001","0.001","5e-04","5e-04","-5","0.2","0.2","187198","NaN","NaN","NaN","NaN","NaN","NaN","NaN","NaN","NaN","NaN","NaN","NaN","NaN","NaN","NaN","NaN"
"51","-1","-3","-6.25","-2","-0.5","0.005","0.001","0.001","5e-04","-15","0.2","0.2","16590","NaN","NaN","NaN","NaN","NaN","NaN","NaN","NaN","NaN","NaN","NaN","NaN","NaN","NaN","NaN","NaN"
"52","-1.5","-3","-10","-0.5","-1","0.005","0.005","0.001","0.005","-10","0.2","0.2","171639","NaN","-3.64813164842009","6.31050227073862","-11.971931910944","-2.08246329554633","-1.65397109597042","0.00201637104297762","0.0023962361600624","0.0024672710227589","0.000866589504707268","-12.2956919799033","0.248868662281137","0.241200024397151","0","1967.4457221972","-946.04048606484"
"53","-1","-2","-5","-0.5","-1","5e-04","5e-04","5e-04","0.005","-5","0.2","0.2","243745","NaN","NaN","NaN","NaN","NaN","NaN","NaN","NaN","NaN","NaN","NaN","NaN","NaN","NaN","NaN","NaN"
"54","-3","-4","-6.25","-2","-1","0.005","0.001","5e-04","5e-04","-10","0.2","0.2","97206","NaN","-2.58976952187247","-3.47609094129192","-6.80870659778457","-1.20064467862359","-1.71021878441473","0.00128715767472","0.00116389980782654","0.00282091611326542","0.000755589206884976","-10.4665872999695","0.213040594597266","0.241849220503725","0","1813.05414443089","-868.844697181685"
"55","-1.5","-1","-8.75","-2","-1","0.005","0.005","0.001","0.001","-15","0.2","0.2","49924","NaN","NaN","NaN","NaN","NaN","NaN","NaN","NaN","NaN","NaN","NaN","NaN","NaN","NaN","NaN","NaN"
"56","-1","-4","-6.25","-1","-1","0.001","0.005","0.001","0.005","-15","0.2","0.2","79335","NaN","-2.72757168367101","-3.36872772340209","-13.2025082314442","-1.2569713714644","-5.98330786219934","0.00139049507898993","0.000830534944498409","0.0251481294353563","-0.00253647347314702","-22.3509740673011","0.217720013494193","0.271092974041667","0","1950.80448460583","-937.719867269153"
"57","-2.5","-4","-10","-0.5","-1","5e-04","0.005","0.005","0.001","-10","0.2","0.2","149132","NaN","-2.72594337309364","-6.33049980831062","-5.96833046535882","-1.24089585625334","-4.18731142290697","0.00090953166882085","0.00157902270913053","0.0159259422436425","-0.00889895342193015","-12.6033579932532","0.216818186023515","0.266709595945346","0","1928.62276847078","-926.629009201628"
"58","-3","-5","-7.5","-2","-3","0.001","0.001","0.001","0.001","-10","0.2","0.2","136176","NaN","-2.84881945351787","-4.06335052562798","-7.53648023115016","-1.30043571801082","-1.63665813657644","0.00114913645511601","0.00116990339945238","0.00243251049674887","0.000953945477740834","-6.77420899840302","0.217944984565028","0.240456108277566","0","1822.34442767317","-873.489838802825"
"59","-2","-3","-10","-2","-3","5e-04","0.005","0.005","0.005","-10","0.2","0.2","178888","NaN","-2.5524306998213","-2.53585704706441","-6.07738411848238","-1.28869588575949","-2.38254897425941","0.00147811218295246","0.00141313793552492","0.00243613447924076","-5.70956572662871e-05","-6.4006131003313","0.212795439604819","0.245100775591931","0","1850.75965480063","-887.697452366553"
"60","-1","-2","-6.25","-2","-0.5","0.001","5e-04","0.001","0.001","-10","0.2","0.2","133595","NaN","-2.56398136426401","-2.09362926073253","-6.70087799585862","-1.26215117892956","-1.51635710885942","0.00166397378555725","0.00133606416621884","0.00267800388000884","0.000752056963259215","-8.86893014196566","0.219364125566835","0.23968403470244","0","1841.85067251957","-883.242961226022"
"61","-1.5","-1","-6.25","-2","-1","0.005","0.005","0.005","0.005","-10","0.2","0.2","181599","NaN","NaN","NaN","NaN","NaN","NaN","NaN","NaN","NaN","NaN","NaN","NaN","NaN","NaN","NaN","NaN"
"62","-1","-1","-8.75","-0.5","-0.5","5e-04","5e-04","0.005","5e-04","-5","0.2","0.2","203550","NaN","NaN","NaN","NaN","NaN","NaN","NaN","NaN","NaN","NaN","NaN","NaN","NaN","NaN","NaN","NaN"
"63","-1","-3","-8.75","-0.5","-1","5e-04","5e-04","0.001","5e-04","-10","0.2","0.2","101915","NaN","NaN","NaN","NaN","NaN","NaN","NaN","NaN","NaN","NaN","NaN","NaN","NaN","NaN","NaN","NaN"
"64","-2","-2","-6.25","-1","-1","5e-04","0.005","5e-04","5e-04","-5","0.2","0.2","189593","NaN","-1.81022061925444","-1.62744782929456","-3.9283591413664","-1.45493013586972","-1.58812692385064","0.00152485253832821","0.00168846307477104","0.00290084355984245","0.00087603778817551","-7.11050392906775","0.227620765758555","0.243628150138675","0","1858.35375433107","-891.494502131774"
"65","-1.5","-5","-10","-0.5","-0.5","5e-04","5e-04","5e-04","0.001","-15","0.2","0.2","31379","NaN","NaN","NaN","NaN","NaN","NaN","NaN","NaN","NaN","NaN","NaN","NaN","NaN","NaN","NaN","NaN"
"66","-3","-5","-5","-2","-1","0.005","0.005","0.005","0.005","-15","0.2","0.2","90476","NaN","-3.00894529756866","-3.99550204598669","-6.13799793298255","-1.41072908114747","-1.60226284762232","0.00115328363753238","0.00163967395164737","0.00301810837148693","0.000792224570395942","-15.2104565353921","0.218228237210076","0.243378119736203","0","1833.41678987815","-879.026019905313"
"67","-2","-3","-6.25","-1","-1","0.005","5e-04","0.001","0.005","-5","0.2","0.2","255963","NaN","-2.50052533304618","-4.429372539952","-5.98945534885575","-1.09674411255152","-1.48428417835941","0.0010330270673294","0.00136540502900223","0.00239394940995821","0.00098992463020493","-5.24694967994902","0.214873356209759","0.243642208108923","0","1830.21780932073","-877.426529626603"
"68","-2.5","-2","-10","-2","-0.5","5e-04","0.001","0.005","0.001","-5","0.2","0.2","237017","NaN","-2.62684757303701","-2.47783683491731","-8.27020191993171","-1.22409913890397","-1.50317707149498","0.00159366922201862","0.00105101084515435","0.00249366930051138","0.000941307976688652","-4.05806671879867","0.219911645092664","0.243130138094297","0","1856.37944213675","-890.507346034613"
"69","-1","-5","-10","-2","-3","5e-04","5e-04","5e-04","0.005","-15","0.2","0.2","60755","NaN","-2.545755716031","-3.83721553265166","-5.6342678162739","-1.25077480480709","-8.62374237668892","0.00117121546482567","0.00146700324254286","-0.154979454939354","0.112371344890383","-21.9223668264198","0.213938558303008","0.272710432268585","0","1934.93905610879","-929.787153020634"
"70","-1.5","-4","-5","-0.5","-0.5","0.001","0.001","0.001","0.005","-10","0.2","0.2","167609","NaN","NaN","NaN","NaN","NaN","NaN","NaN","NaN","NaN","NaN","NaN","NaN","NaN","NaN","NaN","NaN"
"71","-1","-4","-6.25","-2","-3","5e-04","0.005","5e-04","5e-04","-10","0.2","0.2","97960","NaN","-1.23838185845945","3.76156450061102","-12.4702283727958","-2.04266818177227","-9.105852486704","0.0020794884172571","0.00212060940737767","-0.190739693505737","0.0453607506102813","-4.66316987220625","0.247991018326491","0.271177146329815","0","2089.81272497184","-1007.22398745216"
"72","-2","-4","-7.5","-0.5","-3","0.005","0.001","5e-04","0.001","-10","0.2","0.2","127433","NaN","-2.28969639861452","-3.43757642976169","-5.31199258711638","-1.11528087515246","-5.62435815263069","0.00126237750623398","0.00154982574251447","0.0278318361840064","-0.0412036267536271","-8.84326366929626","0.213019484708781","0.267049996452415","0","1910.4778425574","-917.556546244937"
"73","-3","-1","-8.75","-2","-1","5e-04","5e-04","0.001","0.001","-15","0.2","0.2","40921","NaN","-2.50485755636031","-2.6402261262804","-6.1809431603018","-1.2724935445601","-1.8770483555119","0.00144351452386109","0.00136589266413744","0.002907967165953","0.000489271464598836","-14.6929990499577","0.220061521891209","0.242116039096713","0","1822.84236840278","-873.738809167631"
"74","-2","-5","-7.5","-2","-3","5e-04","5e-04","5e-04","0.001","-15","0.2","0.2","30428","NaN","NaN","NaN","NaN","NaN","NaN","NaN","NaN","NaN","NaN","NaN","NaN","NaN","NaN","NaN","NaN"
"75","-1","-5","-10","-2","-1","0.001","0.005","0.001","0.001","-10","0.2","0.2","139880","NaN","-2.65007384769616","-5.32224926119882","-5.72084166234804","-1.23625005049949","-1.66329695484837","0.000954153986363769","0.00160229690898044","0.00255080938743743","0.000779961657515551","-8.01641388194227","0.21660476636073","0.241067112413976","0","1816.40665953759","-870.520954735033"
"76","-1.5","-2","-6.25","-1","-1","0.005","5e-04","0.001","0.005","-5","0.2","0.2","255969","NaN","NaN","NaN","NaN","NaN","NaN","NaN","NaN","NaN","NaN","NaN","NaN","NaN","NaN","NaN","NaN"
"77","-2","-4","-7.5","-2","-1","0.005","0.005","5e-04","0.001","-10","0.2","0.2","130933","NaN","-2.30286442526418","-3.42285722851792","-5.27811593264091","-1.13651391972294","-1.7004003326326","0.00125660724771697","0.00157143485615259","0.0024374897331404","0.000850355639208269","-10.5738924356086","0.212414719921164","0.240463213720016","0","1800.90149290083","-862.768371416652"
"78","-1","-4","-7.5","-2","-0.5","0.005","5e-04","5e-04","0.001","-15","0.2","0.2","33435","NaN","-14.2189771547781","-9.02026438321363","-1.39176778309672","-2.07977442936693","-1.66287932909913","0.00202452566363127","0.00241084885121941","0.00246068435639581","0.000852720070808036","-7.31337261139498","0.248702629304785","0.241207913353443","0","1968.01178868024","-946.323519306358"
"79","-1","-1","-6.25","-1","-3","5e-04","0.001","5e-04","0.001","-10","0.2","0.2","125100","NaN","-2.18901048391215","-3.28195288102132","-4.845100758682","-1.14696883142473","-1.70103254277583","0.00126922795704385","0.00171649813636186","0.00255493418154021","0.000728152237199537","-7.53882208781148","0.212476562778856","0.240613966041821","0","1803.47246467679","-864.053857304632"
"80","-2.5","-5","-8.75","-2","-3","0.005","0.005","5e-04","5e-04","-10","0.2","0.2","100152","NaN","-2.64955531750362","-4.6146194445552","-6.06990003878451","-1.20727201031137","-1.69108926182409","0.00105066461535726","0.0014605356032691","0.00244549376896781","0.000859611765629603","-11.2305830134277","0.215240765503108","0.241408829639335","0","1812.16240255845","-868.398826245462"
"81","-1","-1","-7.5","-0.5","-1","5e-04","0.001","5e-04","0.001","-15","0.2","0.2","34450","NaN","-2.23451594694498","-2.58071658776856","-4.96032692674322","-1.39023503099532","-1.37898313725326","0.00149856341448363","0.000882141633429825","0.00213387012216929","0.000939529931959832","-13.7774352547584","0.223375449048936","0.240643167961201","0","1848.25230958485","-886.443779758661"
"82","-1.5","-3","-6.25","-0.5","-1","0.005","5e-04","0.001","5e-04","-15","0.2","0.2","13089","NaN","-2.66351770661378","-3.76463041557697","-7.38131786678513","-1.20007013492498","-1.66649546117032","0.00124712173855279","0.00105573171637116","0.00252663281685889","0.000843119880739895","-13.1848228202418","0.216589336927297","0.240150678537405","0","1816.70192889983","-870.668589416154"
"83","-1.5","-4","-5","-2","-0.5","0.005","0.001","0.001","5e-04","-10","0.2","0.2","107734","NaN","-2.55112220964386","-5.01740954673305","-5.57345327611979","-1.16275424946195","-1.61136152642408","0.000979182281445791","0.0016390363846566","0.00246830441720033","0.000881087095689375","-8.29679999205184","0.215602909063578","0.2407898390339","0","1813.86474422635","-869.249997079412"
"84","-1","-1","-8.75","-1","-3","0.001","0.001","5e-04","0.005","-10","0.2","0.2","156550","NaN","-2.6739648192302","-3.79853231038697","-7.29696412068172","-1.26806132534272","-1.79815473539796","0.0012617068235157","0.000896712398911917","0.00230608559668701","0.0008577920232804","-5.93327442456162","0.213615690616478","0.245096379100684","0","1822.59734023369","-873.616295083084"
"85","-2","-2","-8.75","-2","-3","5e-04","5e-04","0.005","5e-04","-10","0.2","0.2","111418","NaN","-2.69198754176166","-4.19887398830213","-7.36452805710763","-1.21895766444428","-1.75341461067579","0.00116295790890522","0.00101901409629773","0.00241332158119748","0.000805232295347795","-9.23166229189654","0.214188999414676","0.241598701941467","0","1820.10494123375","-872.370095583112"
"86","-1.5","-3","-6.25","-1","-0.5","5e-04","0.001","5e-04","0.001","-5","0.2","0.2","216964","NaN","-2.28085429020125","-3.0538528601963","-5.21588881515044","-1.13310794799285","-1.67546191055753","0.00135615833227747","0.00160013440736077","0.00244260188272993","0.000807077269607824","-4.58691572108104","0.212597750198926","0.242419894352493","0","1815.92416039832","-870.2797051654"
"87","-2","-3","-8.75","-1","-1","0.005","0.005","0.001","0.001","-5","0.2","0.2","232288","NaN","-2.13108204250797","-3.04890245284089","-5.07579292511036","-1.08589189904649","-1.66782721689347","0.00136792510174906","0.00154743699625988","0.00243732120460807","0.000839833816236777","-7.83333760408373","0.213264830403005","0.241085787803802","0","1803.53027228007","-864.082761106273"
"88","-1.5","-5","-6.25","-1","-1","0.001","5e-04","5e-04","5e-04","-10","0.2","0.2","92829","NaN","NaN","NaN","NaN","NaN","NaN","NaN","NaN","NaN","NaN","NaN","NaN","NaN","NaN","NaN","NaN"
"89","-1","-2","-10","-0.5","-1","0.005","0.005","0.001","0.001","-5","0.2","0.2","232395","NaN","NaN","NaN","NaN","NaN","NaN","NaN","NaN","NaN","NaN","NaN","NaN","NaN","NaN","NaN","NaN"
"90","-1.5","-1","-10","-0.5","-0.5","0.005","0.001","0.001","5e-04","-15","0.2","0.2","16774","NaN","NaN","NaN","NaN","NaN","NaN","NaN","NaN","NaN","NaN","NaN","NaN","NaN","NaN","NaN","NaN"
"91","-2.5","-3","-8.75","-1","-3","0.005","0.005","0.005","0.005","-10","0.2","0.2","181287","NaN","NaN","NaN","NaN","NaN","NaN","NaN","NaN","NaN","NaN","NaN","NaN","NaN","NaN","NaN","NaN"
"92","-3","-4","-6.25","-0.5","-0.5","5e-04","0.005","0.001","5e-04","-10","0.2","0.2","109081","NaN","-2.20442900607726","-3.58634603972378","-4.69810954902554","-1.10814226037572","-1.60175716420208","0.00122700910287434","0.0019012152982001","0.00250331980483637","0.000882782494604727","-9.43064630953918","0.210688508823691","0.240246779096295","0","1806.09005753345","-865.362653732966"
"93","-2.5","-2","-6.25","-0.5","-3","5e-04","0.001","0.005","5e-04","-15","0.2","0.2","23967","NaN","NaN","NaN","NaN","NaN","NaN","NaN","NaN","NaN","NaN","NaN","NaN","NaN","NaN","NaN","NaN"
"94","-1","-4","-5","-0.5","-3","5e-04","5e-04","0.005","5e-04","-10","0.2","0.2","111735","NaN","-2.46109847270503","-2.98341682472309","-6.72878365460434","-1.15468752077877","-1.56049841153445","0.0014779761194101","0.00132400755323531","0.00253663146504184","0.000972197623101093","-8.6185666833506","0.215632725866025","0.244778521140423","0","1817.59055707912","-871.112903505797"
"95","-3","-2","-7.5","-2","-3","0.005","0.001","0.005","0.001","-15","0.2","0.2","56316","NaN","NaN","NaN","NaN","NaN","NaN","NaN","NaN","NaN","NaN","NaN","NaN","NaN","NaN","NaN","NaN"
"96","-2","-1","-8.75","-0.5","-0.5","0.005","0.005","5e-04","0.001","-10","0.2","0.2","131548","NaN","NaN","NaN","NaN","NaN","NaN","NaN","NaN","NaN","NaN","NaN","NaN","NaN","NaN","NaN","NaN"
"97","-3","-5","-7.5","-2","-0.5","0.001","0.005","0.001","0.005","-10","0.2","0.2","170676","NaN","-2.5139071676437","-3.78294647220239","-5.77409959514292","-1.18171596255172","-1.71093258791794","0.00119592691489861","0.00148244968046565","0.00242406514961773","0.000838047983390112","-10.6188926287012","0.212780776828918","0.24147203926713","0","1804.22718475432","-864.431217343397"
"98","-1.5","-2","-8.75","-0.5","-0.5","0.005","5e-04","0.005","5e-04","-5","0.2","0.2","205794","NaN","NaN","NaN","NaN","NaN","NaN","NaN","NaN","NaN","NaN","NaN","NaN","NaN","NaN","NaN","NaN"
