"","a_log","a12","h12","h_log","kr_log","r1_log","r2_log","alpha11","alpha22","alpha12","alpha21","c_log","sigma","sigma2","strtpt","error","a_log.est","a12.est","h_log.est","h12.est","kr_log.est","r1_log.est","r2_log.est","alpha11.est","alpha12.est","alpha22.est","alpha21.est","c_log.est","sigma.est","sigma2.est","converge","BIC","logLik"
"1","-2","-2e-04","-0.00035","-3","-2.375","-0.5","-3","0.001","0.005","5e-04","0.001","-15","0.2","0.2","963413","NaN","-1.5801081168284","-0.00210590148775532","-2.64882577963807","0.51790734654118","-2.21845048084738","-2.08552909394057","-1.66705763596886","0.00247543790305886","0.00313583935043307","0.0024456620318905","0.000835488038760613","-14.7477457686124","0.246811122933486","0.243404265857429","0","1975.61686873429","-943.845663494423"
"2","-2.5","-5e-05","-5e-04","-2","-2.375","-2","-1","0.001","5e-04","0.001","0.001","-10","0.2","0.2","3329142","NaN","NaN","NaN","NaN","NA","NaN","NaN","NaN","NaN","NaN","NaN","NaN","NaN","NaN","NaN","NaN","NaN","NaN"
"3","-3","-5e-05","1e-04","-1","-2.375","-2","-1","0.005","0.005","0.001","0.001","-10","0.2","0.2","3526241","NaN","NaN","NaN","NaN","NA","NaN","NaN","NaN","NaN","NaN","NaN","NaN","NaN","NaN","NaN","NaN","NaN","NaN"
"4","-2.5","-5e-04","-0.00035","-3","-2.375","-1","-1","0.001","0.005","5e-04","5e-04","-10","0.2","0.2","2488402","NaN","NaN","NaN","NaN","NA","NaN","NaN","NaN","NaN","NaN","NaN","NaN","NaN","NaN","NaN","NaN","NaN","NaN"
"5","-3","-0.00035","-5e-04","-1","-2.375","-0.5","-0.5","5e-04","5e-04","5e-04","0.001","-10","0.2","0.2","3063631","function cannot be evaluated at initial parameters","NA","NA","NA","NA","NA","NA","NA","NA","NA","NA","NA","NA","NA","NA","NA","NA","NA"
"6","-1.5","-5e-04","-5e-04","-5","-0.5","-2","-1","0.001","5e-04","5e-04","0.005","-5","0.2","0.2","6115004","function cannot be evaluated at initial parameters","NA","NA","NA","NA","NA","NA","NA","NA","NA","NA","NA","NA","NA","NA","NA","NA","NA"
"7","-1","-2e-04","-2e-04","-3","-1.125","-2","-0.5","0.001","0.001","0.001","0.001","-15","0.2","0.2","1145940","NaN","-0.0727831980758911","0.116130758916483","-2.44692880901483","0.653136882793184","-1.08449525403463","-1.92465165727995","-1.66006318746682","0.00195808689032915","0.00236787701356507","0.00246298825440577","0.00085516138264821","-15.7758781505006","0.246043592866407","0.241265581863477","0","1969.2020812532","-940.638269753879"
"8","-2.5","-0.00035","-0.00035","-5","-2.375","-0.5","-1","0.005","0.001","5e-04","0.001","-5","0.2","0.2","5472532","function cannot be evaluated at initial parameters","NA","NA","NA","NA","NA","NA","NA","NA","NA","NA","NA","NA","NA","NA","NA","NA","NA"
"9","-3","-2e-04","1e-04","-1","-2.375","-0.5","-3","0.001","0.001","0.005","0.005","-5","0.2","0.2","6701236","function cannot be evaluated at initial parameters","NA","NA","NA","NA","NA","NA","NA","NA","NA","NA","NA","NA","NA","NA","NA","NA","NA"
"10","-1.5","-5e-05","-5e-05","-2","-1.125","-0.5","-1","0.005","5e-04","5e-04","0.001","-5","0.2","0.2","5389844","NaN","NaN","NaN","NaN","NA","NaN","NaN","NaN","NaN","NaN","NaN","NaN","NaN","NaN","NaN","NaN","NaN","NaN"
"11","-2","-2e-04","-0.00035","-3","-2.375","-0.5","-1","0.005","0.001","0.005","0.005","-15","0.2","0.2","2182163","function cannot be evaluated at initial parameters","NA","NA","NA","NA","NA","NA","NA","NA","NA","NA","NA","NA","NA","NA","NA","NA","NA"
"12","-3","-5e-04","1e-04","-3","-3","-2","-3","0.001","0.001","0.001","5e-04","-5","0.2","0.2","4922226","function cannot be evaluated at initial parameters","NA","NA","NA","NA","NA","NA","NA","NA","NA","NA","NA","NA","NA","NA","NA","NA","NA"
"13","-1","-2e-04","1e-04","-4","-1.125","-1","-3","0.001","5e-04","0.005","0.001","-5","0.2","0.2","5855240","NaN","-0.204852871493266","-0.00862622359652204","-4.39318212285703","0.419502561640284","-0.599263585404185","-1.85292597956098","-2.67612707871632","0.00195951544173735","0.00217931554932005","0.00282879812883065","-0.000855837756214612","-5.73795629393274","0.245635602220305","0.24689014676639","0","2016.1451642286","-964.109811241579"
"14","-2.5","1e-04","-2e-04","-4","-1.125","-1","-0.5","0.001","0.001","0.001","5e-04","-10","0.2","0.2","2667697","NaN","-2.26483876639624","0.0470746072204824","-3.84498009792418","0.533868081663843","0.189013115133023","-1.90053725498753","-1.66776768862757","0.00194435975532296","0.00234729302137172","0.00247126184121653","0.000849812379954892","-9.90424602682228","0.245912435806051","0.241414630073974","0","1968.30534944551","-940.189903850033"
"15","-3","-0.00035","1e-04","-3","-1.75","-1","-1","5e-04","5e-04","5e-04","0.001","-15","0.2","0.2","773481","function cannot be evaluated at initial parameters","NA","NA","NA","NA","NA","NA","NA","NA","NA","NA","NA","NA","NA","NA","NA","NA","NA"
"16","-3","-2e-04","-2e-04","-4","-1.75","-1","-0.5","5e-04","5e-04","0.001","0.005","-5","0.2","0.2","6351436","NaN","NaN","NaN","NaN","NA","NaN","NaN","NaN","NaN","NaN","NaN","NaN","NaN","NaN","NaN","NaN","NaN","NaN"
"17","-3","-0.00035","1e-04","-1","-3","-0.5","-1","5e-04","0.001","0.005","0.001","-5","0.2","0.2","5922481","function cannot be evaluated at initial parameters","NA","NA","NA","NA","NA","NA","NA","NA","NA","NA","NA","NA","NA","NA","NA","NA","NA"
"18","-1.5","1e-04","1e-04","-4","-1.75","-0.5","-0.5","5e-04","0.001","0.001","5e-04","-5","0.2","0.2","4920249","NaN","NaN","NaN","NaN","NA","NaN","NaN","NaN","NaN","NaN","NaN","NaN","NaN","NaN","NaN","NaN","NaN","NaN"
"19","-1.5","-5e-04","-0.00035","-5","-1.125","-0.5","-1","5e-04","5e-04","5e-04","0.005","-5","0.2","0.2","6092529","function cannot be evaluated at initial parameters","NA","NA","NA","NA","NA","NA","NA","NA","NA","NA","NA","NA","NA","NA","NA","NA","NA"
"20","-1.5","1e-04","-2e-04","-2","-0.5","-0.5","-3","0.005","0.001","0.001","0.005","-15","0.2","0.2","1921699","NaN","NaN","NaN","NaN","NA","NaN","NaN","NaN","NaN","NaN","NaN","NaN","NaN","NaN","NaN","NaN","NaN","NaN"
"21","-2.5","-0.00035","-5e-05","-1","-1.75","-1","-1","0.005","0.005","0.005","5e-04","-15","0.2","0.2","745582","function cannot be evaluated at initial parameters","NA","NA","NA","NA","NA","NA","NA","NA","NA","NA","NA","NA","NA","NA","NA","NA","NA"
"22","-3","-5e-05","-0.00035","-3","-3","-2","-3","0.005","0.005","0.001","5e-04","-5","0.2","0.2","5034666","NaN","NaN","NaN","NaN","NA","NaN","NaN","NaN","NaN","NaN","NaN","NaN","NaN","NaN","NaN","NaN","NaN","NaN"
"23","-3","1e-04","1e-04","-2","-0.5","-2","-1","0.001","5e-04","0.001","5e-04","-5","0.2","0.2","4849871","NaN","-2.97103671738899","-8.76681616917505e-05","-1.72318250718861","-0.00072080552856604","-0.418441462806345","-1.64116516977895","-1.2004477364482","0.00141516106217019","0.0016877669556252","0.00294149093158978","0.000874363572586711","-5.13046668333845","0.220883891210489","0.258912220275711","0","1913.62161787934","-912.848038066946"
"24","-3","1e-04","-2e-04","-4","-3","-2","-0.5","5e-04","0.005","0.005","0.005","-15","0.2","0.2","2212696","NaN","-2.96985120433347","-0.0001329372415961","-4.00700427951689","0.000585435099978168","-2.78782041416866","-1.79370698071468","-0.477265588526858","0.00117026789850855","0.00386467959848903","0.00387090398846812","0.00123054781874221","-14.617213032555","0.369871203950421","0.562628997032384","0","2653.46207731618","-1282.76826778537"
"25","-2.5","-2e-04","-2e-04","-4","-3","-1","-3","0.005","5e-04","0.005","5e-04","-5","0.2","0.2","5122062","NaN","NaN","NaN","NaN","NA","NaN","NaN","NaN","NaN","NaN","NaN","NaN","NaN","NaN","NaN","NaN","NaN","NaN"
"26","-2","-0.00035","-0.00035","-5","-2.375","-0.5","-1","0.001","5e-04","0.005","0.005","-5","0.2","0.2","6625658","function cannot be evaluated at initial parameters","NA","NA","NA","NA","NA","NA","NA","NA","NA","NA","NA","NA","NA","NA","NA","NA","NA"
"27","-2.5","1e-04","-0.00035","-2","-2.375","-2","-1","0.005","0.005","0.005","0.001","-5","0.2","0.2","6057297","NaN","NaN","NaN","NaN","NA","NaN","NaN","NaN","NaN","NaN","NaN","NaN","NaN","NaN","NaN","NaN","NaN","NaN"
"28","-1","-5e-04","-5e-05","-3","-2.375","-2","-3","5e-04","0.001","5e-04","5e-04","-5","0.2","0.2","4641580","NaN","-2.00331959165413","0.00372616909894742","-4.40824077247321","2.83890775839548","-4.59193430054342","-2.04312529596643","-1.6741276095819","0.00200081175032692","0.00241420546318743","0.00246013208237466","0.00084312590685811","-4.51380069762345","0.247575664852545","0.241214805983418","0","1976.07774564839","-944.076101951472"
"29","-3","-5e-05","-5e-04","-3","-0.5","-0.5","-1","0.005","5e-04","5e-04","0.005","-10","0.2","0.2","3871516","NaN","NaN","NaN","NaN","NA","NaN","NaN","NaN","NaN","NaN","NaN","NaN","NaN","NaN","NaN","NaN","NaN","NaN"
"30","-3","-0.00035","-2e-04","-4","-0.5","-0.5","-3","0.001","5e-04","0.005","5e-04","-15","0.2","0.2","543306","NaN","-1.86629477517324","-0.000301392875918665","-3.00726804112987","0.000148757358055225","-0.151749757226907","-0.830194686106812","-5.04973880664881","0.00142370050344284","0.00183267718877799","-0.0237921164962019","-0.0220395354113324","-14.0911505700999","0.217065882302577","0.268707139208592","0","1944.92132490037","-928.497891577464"
"31","-1.5","-0.00035","-5e-04","-4","-1.75","-0.5","-0.5","0.005","0.005","0.001","0.001","-5","0.2","0.2","5820134","NaN","-0.312881410577193","-0.0166784938394021","-4.96363626047492","0.961405914075791","0.128064874059787","-1.68030213054707","-2.64017492175094","0.00207806569685357","0.00213209995190763","0.0049407481645409","-0.00200600757996562","-5.32693830475591","0.247267568655872","0.25536594483115","0","2037.79562068962","-974.93503947209"
"32","-1.5","-2e-04","-5e-05","-3","-0.5","-1","-3","0.001","5e-04","0.001","0.005","-5","0.2","0.2","6362214","NaN","-1.56665003429136","-0.000428757243326421","-2.23101209825597","0.300736334572104","0.00200157988445646","-1.87691416015233","-1.65544059383402","0.00188824928003018","0.00223989457918988","0.00250073929701187","0.00085689775473879","-5.98369610840194","0.245802799217663","0.240226205338581","0","1961.17528316145","-936.624870708004"
"33","-1.5","-0.00035","-5e-04","-3","-2.375","-0.5","-0.5","0.001","0.005","5e-04","5e-04","-10","0.2","0.2","2500884","NaN","-1.45650157803989","0.00871397919445501","-2.99955666246173","2.6678416956026","-2.52486698513197","-2.0329359984371","-1.63304552199462","0.0020457825410082","0.0025061313967735","0.00241876725368837","0.000939409037697189","-12.7966147630715","0.248254498982631","0.241502764361758","0","1976.23865849847","-944.156558376514"
"34","-1.5","-2e-04","1e-04","-4","-3","-0.5","-1","0.001","0.005","0.005","5e-04","-10","0.2","0.2","2997114","NaN","3.27003155850082","-0.00617371973728708","-3.06957445564248","0.683870331725205","-3.0231502028673","-1.92383929128613","-1.66066380784937","0.00195366114790603","0.00237596033798695","0.00246639712097718","0.000853945459302168","-10.7349366377314","0.2459812141107","0.241290747875657","0","1969.22511614128","-940.649787197917"
"35","-2","-5e-05","-2e-04","-3","-1.125","-1","-3","5e-04","0.001","0.005","0.001","-10","0.2","0.2","3633443","NaN","-1.25009863437377","-0.00315257301204611","-4.81338986924671","1.8874450045104","-2.88322964885958","-2.00323158882071","-1.66479824867453","0.00185595365542235","0.00264983087591734","0.00248921719775532","0.000799178120118888","-10.1147848478404","0.246925565426919","0.241615209351818","0","1974.54862033878","-943.311539296667"
"36","-3","1e-04","-2e-04","-5","-3","-0.5","-1","5e-04","0.005","0.005","5e-04","-5","0.2","0.2","5246946","NaN","NaN","NaN","NaN","NA","NaN","NaN","NaN","NaN","NaN","NaN","NaN","NaN","NaN","NaN","NaN","NaN","NaN"
"37","-2","-5e-04","-5e-05","-5","-1.125","-1","-3","5e-04","5e-04","5e-04","0.001","-10","0.2","0.2","3042578","NaN","NaN","NaN","NaN","NA","NaN","NaN","NaN","NaN","NaN","NaN","NaN","NaN","NaN","NaN","NaN","NaN","NaN"
"38","-2.5","1e-04","-5e-04","-4","-1.75","-2","-3","0.001","0.001","0.001","0.005","-10","0.2","0.2","4163897","NaN","-2.94126616594519","0.0213740886723383","-2.2569900143853","2.65294795629549","-0.306436149185396","-2.04273642873122","-1.6738967425249","0.00199908126200741","0.00241667516369116","0.0024629403278552","0.000842539470594005","-12.1872266657437","0.247445894521585","0.241517903777921","0","1976.01680514734","-944.045631700949"
"39","-2","-2e-04","-5e-05","-5","-1.125","-0.5","-3","0.001","5e-04","0.001","0.005","-15","0.2","0.2","1808213","NaN","NaN","NaN","NaN","NA","NaN","NaN","NaN","NaN","NaN","NaN","NaN","NaN","NaN","NaN","NaN","NaN","NaN"
"40","-1.5","-2e-04","-5e-04","-5","-2.375","-1","-1","0.005","0.005","0.005","5e-04","-15","0.2","0.2","744389","NaN","-2.45528855705919","0.407078956778701","-3.21088249054369","0.659553678089385","-3.37530766609202","-1.91667083456631","-1.6599247972186","0.00195078177188234","0.00238056616745637","0.00246780466093","0.000854671852280643","-15.5814813502966","0.246130545980701","0.241457525161565","0","1969.06345552486","-940.568956889707"
"41","-1.5","-0.00035","-2e-04","-4","-1.125","-0.5","-1","5e-04","0.005","0.001","5e-04","-10","0.2","0.2","2717684","NaN","-1.0582896786932","0.0033774313512545","-3.95731574097424","0.539386665129314","-1.50360571031396","-1.89748728327458","-1.66172005521984","0.00194695350463789","0.00234727171642708","0.00245918774362236","0.000852690226200723","-7.30922813263065","0.245759919997337","0.241404934216069","0","1967.9379946137","-940.006226434128"
"42","-2","1e-04","-5e-05","-5","-0.5","-1","-3","0.001","0.001","0.001","0.005","-5","0.2","0.2","6446348","NaN","NaN","NaN","NaN","NA","NaN","NaN","NaN","NaN","NaN","NaN","NaN","NaN","NaN","NaN","NaN","NaN","NaN"
"43","-2","-2e-04","-2e-04","-2","-1.75","-2","-3","0.005","0.005","0.005","0.005","-5","0.2","0.2","6807938","NaN","NaN","NaN","NaN","NA","NaN","NaN","NaN","NaN","NaN","NaN","NaN","NaN","NaN","NaN","NaN","NaN","NaN"
"44","-2.5","-5e-04","-5e-04","-2","-3","-1","-3","5e-04","0.005","0.001","0.001","-5","0.2","0.2","5741002","NaN","NaN","NaN","NaN","NA","NaN","NaN","NaN","NaN","NaN","NaN","NaN","NaN","NaN","NaN","NaN","NaN","NaN"
"45","-1.5","-0.00035","1e-04","-4","-0.5","-0.5","-0.5","0.005","0.005","5e-04","0.001","-15","0.2","0.2","1012109","NaN","-3.96877284106425","0.0311934815380978","-4.19116220640511","0.00341799291513002","6.12056564464076","-1.51483626654102","-1.53879423553717","0.00176344159452964","0.00136321862928276","0.0022914961162382","0.00108459947689847","-10.9797456713731","0.230998767118829","0.242855902582318","0","1898.01108139586","-905.042769825209"
"46","-2","-2e-04","-2e-04","-2","-1.125","-1","-1","0.001","0.005","0.001","5e-04","-5","0.2","0.2","5021063","NaN","NaN","NaN","NaN","NA","NaN","NaN","NaN","NaN","NaN","NaN","NaN","NaN","NaN","NaN","NaN","NaN","NaN"
"47","-2","1e-04","1e-04","-4","-1.75","-2","-0.5","5e-04","0.005","0.001","0.005","-5","0.2","0.2","6517123","NaN","NaN","NaN","NaN","NA","NaN","NaN","NaN","NaN","NaN","NaN","NaN","NaN","NaN","NaN","NaN","NaN","NaN"
"48","-2.5","1e-04","-5e-04","-4","-0.5","-1","-3","0.005","5e-04","5e-04","0.001","-15","0.2","0.2","821397","NaN","-4.12985977446933","1.11508892076533","-7.61373398652603","0.662011252889212","2.00899183321531","-1.91703191338835","-1.66079299647695","0.00194696656074643","0.00239397564146608","0.00246204418168583","0.00085220887594745","-18.392716575509","0.246192699008693","0.241436903134397","0","1968.89813606077","-940.486297157663"
"49","-3","-5e-04","-5e-05","-2","-0.5","-2","-0.5","0.005","0.001","5e-04","0.005","-5","0.2","0.2","6237326","function cannot be evaluated at initial parameters","NA","NA","NA","NA","NA","NA","NA","NA","NA","NA","NA","NA","NA","NA","NA","NA","NA"
"50","-2","1e-04","-5e-05","-4","-1.125","-2","-0.5","0.001","0.005","0.001","0.005","-10","0.2","0.2","4267723","NaN","NaN","NaN","NaN","NA","NaN","NaN","NaN","NaN","NaN","NaN","NaN","NaN","NaN","NaN","NaN","NaN","NaN"
"51","-1.5","-0.00035","-5e-04","-4","-0.5","-0.5","-3","0.005","0.005","0.001","0.005","-5","0.2","0.2","6562009","NaN","-1.40515399756407","0.0278000442630119","-3.99300970660693","0.576840017898807","-0.423916116060476","-1.90024706748951","-1.66177824849585","0.00194018585789446","0.00238388233725344","0.0024686553881238","0.000851914026070969","-5.4840898425815","0.245473781541764","0.241248294102145","0","1968.18474919751","-940.129603726034"
"52","-2.5","-2e-04","-5e-05","-5","-3","-0.5","-1","5e-04","0.005","0.001","0.001","-15","0.2","0.2","1196962","NaN","-2.57155769024312","-0.000128148479449295","-5.1339299415549","0.0010573543930325","-0.531874022961082","-1.61580922554541","-2.01145868040508","0.000556027384258905","0.000990759060090017","0.00506812879789813","0.00102189965328895","-14.4932685932628","0.231285637770561","0.256131068181096","0","1967.76512068569","-939.919789470125"
"53","-2.5","-0.00035","-0.00035","-2","-0.5","-0.5","-1","5e-04","0.001","0.001","0.001","-10","0.2","0.2","3393532","NaN","-2.24749037295406","0.0605954079688085","-2.0046867828198","0.606873550474688","-1.62299843843056","-1.92747254186354","-1.64935068757992","0.0019476008617241","0.00238572441466077","0.0024637337456167","0.000857886943671122","-8.24940211417821","0.246553754141033","0.241509188798387","0","1969.36085739807","-940.717657826311"
"54","-1.5","-5e-05","-5e-04","-4","-1.75","-0.5","-3","0.005","0.001","0.001","0.001","-15","0.2","0.2","1160769","NaN","-1.50410354995616","-0.138936600860897","-3.92763419462714","0.659587161275518","-1.55050122576474","-1.93828542612748","-1.6618778497202","0.00196711774978679","0.00241425834109526","0.00247837099980119","0.000852427513622651","-14.5490656988525","0.245953891915134","0.240685768471668","0","1969.74745703782","-940.91095764619"
"55","-1.5","-0.00035","-5e-05","-4","-1.75","-1","-3","0.001","0.001","0.005","0.001","-5","0.2","0.2","5938959","NaN","NaN","NaN","NaN","NA","NaN","NaN","NaN","NaN","NaN","NaN","NaN","NaN","NaN","NaN","NaN","NaN","NaN"
"56","-1","-2e-04","-5e-04","-2","-2.375","-2","-1","0.005","0.001","0.005","0.001","-5","0.2","0.2","5972890","NaN","-0.349597911107978","0.00144844778742226","-3.39298008908394","0.600806333465152","-2.21198345286559","-1.91463390105406","-1.66064226685126","0.0019489564057378","0.00237394981579891","0.00245859725627219","0.000856242780916926","-4.49847501027483","0.245822874092809","0.241293653611595","0","1968.35484059502","-940.214649424788"
"57","-2.5","-0.00035","1e-04","-4","-1.125","-0.5","-1","0.001","0.005","5e-04","5e-04","-5","0.2","0.2","4770857","function cannot be evaluated at initial parameters","NA","NA","NA","NA","NA","NA","NA","NA","NA","NA","NA","NA","NA","NA","NA","NA","NA"
"58","-2","-0.00035","1e-04","-2","-1.75","-2","-1","0.001","0.001","0.001","5e-04","-15","0.2","0.2","376733","function cannot be evaluated at initial parameters","NA","NA","NA","NA","NA","NA","NA","NA","NA","NA","NA","NA","NA","NA","NA","NA","NA"
"59","-2","-5e-05","1e-04","-5","-1.75","-0.5","-1","0.005","0.001","0.005","5e-04","-10","0.2","0.2","2941993","NaN","-1.06951075445753","0.00785718190332202","-4.12507191873923","0.579492189383755","-1.81629341274132","-1.90950447460065","-1.654936129583","0.00194299868157254","0.00239014101161092","0.00246069301748688","0.00087008219213659","-9.25015578447854","0.246111419815267","0.241544625279197","0","1968.21740253224","-940.1459303934"
"60","-1","-2e-04","-0.00035","-2","-2.375","-2","-3","0.001","5e-04","5e-04","0.005","-10","0.2","0.2","3826040","NaN","0.0919530940343913","0.793742233034068","-10.4845343370411","3.78677329917","-5.38002975060348","-2.04123292381487","-1.67206528565358","0.00198712682586886","0.00243251221471477","0.00246191474564745","0.000844284114262852","-4.971319908882","0.24787166058854","0.241321560208017","0","1977.03982077699","-944.557139515772"
"61","-2","1e-04","-5e-04","-4","-2.375","-1","-0.5","0.001","5e-04","0.005","0.001","-15","0.2","0.2","1316398","NaN","NaN","NaN","NaN","NA","NaN","NaN","NaN","NaN","NaN","NaN","NaN","NaN","NaN","NaN","NaN","NaN","NaN"
"62","-1","-2e-04","1e-04","-5","-3","-2","-0.5","5e-04","5e-04","0.001","0.005","-15","0.2","0.2","1790740","NaN","-1.02486613015441","-0.0101884298627905","-4.85409039850339","0.305982600174663","-2.90967928431446","-2.12403988152746","-0.386923851594777","0.00314808334758414","0.000945273221001102","0.00295970887820463","0.00103589555876852","-14.8925949114245","0.670532553238423","0.493635711028043","0","3112.60586142585","-1512.3401598402"
"63","-3","-5e-05","-0.00035","-3","-1.125","-1","-1","0.001","5e-04","0.005","5e-04","-10","0.2","0.2","2827166","NaN","NaN","NaN","NaN","NA","NaN","NaN","NaN","NaN","NaN","NaN","NaN","NaN","NaN","NaN","NaN","NaN","NaN"
"64","-2.5","-5e-04","1e-04","-4","-1.75","-0.5","-1","5e-04","0.001","0.001","5e-04","-10","0.2","0.2","2632727","function cannot be evaluated at initial parameters","NA","NA","NA","NA","NA","NA","NA","NA","NA","NA","NA","NA","NA","NA","NA","NA","NA"
"65","-2.5","-2e-04","-5e-04","-2","-3","-2","-1","0.001","5e-04","5e-04","0.001","-5","0.2","0.2","5353512","NaN","NaN","NaN","NaN","NA","NaN","NaN","NaN","NaN","NaN","NaN","NaN","NaN","NaN","NaN","NaN","NaN","NaN"
"66","-1","-5e-04","1e-04","-4","-0.5","-1","-0.5","5e-04","0.005","5e-04","0.001","-5","0.2","0.2","5508980","NaN","-0.250984954739978","0.0449294555707714","-2.77971673396983","0.646629856002708","0.257856829188311","-1.91775969407366","-1.6585008323763","0.00195179368528111","0.00237464725033923","0.0024582424210343","0.000853226558294068","-5.59598367012167","0.245937308633887","0.241289076323889","0","1968.76069477597","-940.417576515262"
"67","-3","1e-04","1e-04","-1","-1.125","-1","-0.5","0.001","0.001","0.005","5e-04","-5","0.2","0.2","5199371","NaN","-1.2425224484973","0.0152463345576414","-1.14909719885764","0.584285246565833","-2.7721126100587","-1.93587020873914","-1.66086471513568","0.00196167035443966","0.00235979312636875","0.00246803197807952","0.000850425383154661","-3.48143706755244","0.246226741569031","0.241268307255172","0","1969.28305303804","-940.6787556463"
"68","-1","-2e-04","-5e-05","-2","-0.5","-1","-0.5","0.001","0.001","0.005","0.001","-10","0.2","0.2","3681090","NaN","-0.55236058194587","0.319893617455161","-0.50084789655275","1.06055886470805","4.10546346309927","-1.97737675530231","-1.65869875784871","0.00196798140963097","0.00238047693554402","0.00243985231199891","0.000859333512734534","-8.09986125420428","0.246863346061017","0.241181395522062","0","1972.4056730498","-942.24006565218"
"69","-2","1e-04","-5e-04","-4","-2.375","-0.5","-1","5e-04","0.001","0.001","5e-04","-10","0.2","0.2","2632023","NaN","0.333985681793638","0.080091328011458","-3.50466563666019","0.667717739682786","-2.45489456269444","-1.92096617710569","-1.66046662927033","0.00195040269830206","0.00237797937994625","0.00246744556958862","0.000851404447261573","-10.2240701902639","0.245959107860205","0.241280728495962","0","1969.04251921523","-940.558488734895"
"70","-1","-0.00035","-0.00035","-3","-0.5","-1","-0.5","5e-04","0.005","5e-04","0.005","-5","0.2","0.2","6268410","function cannot be evaluated at initial parameters","NA","NA","NA","NA","NA","NA","NA","NA","NA","NA","NA","NA","NA","NA","NA","NA","NA"
"71","-3","-0.00035","-5e-05","-4","-1.125","-2","-1","0.001","0.001","0.001","5e-04","-5","0.2","0.2","4933331","NaN","NaN","NaN","NaN","NA","NaN","NaN","NaN","NaN","NaN","NaN","NaN","NaN","NaN","NaN","NaN","NaN","NaN"
"72","-3","-0.00035","-2e-04","-1","-1.75","-1","-1","0.001","0.001","0.005","5e-04","-5","0.2","0.2","5189306","function cannot be evaluated at initial parameters","NA","NA","NA","NA","NA","NA","NA","NA","NA","NA","NA","NA","NA","NA","NA","NA","NA"
"73","-3","-2e-04","1e-04","-2","-0.5","-0.5","-0.5","0.005","0.005","0.005","5e-04","-10","0.2","0.2","3037361","function cannot be evaluated at initial parameters","NA","NA","NA","NA","NA","NA","NA","NA","NA","NA","NA","NA","NA","NA","NA","NA","NA"
"74","-2.5","1e-04","-0.00035","-2","-1.75","-2","-1","5e-04","0.005","0.005","5e-04","-5","0.2","0.2","5242297","function cannot be evaluated at initial parameters","NA","NA","NA","NA","NA","NA","NA","NA","NA","NA","NA","NA","NA","NA","NA","NA","NA"
"75","-2.5","-2e-04","-2e-04","-4","-1.75","-0.5","-0.5","5e-04","0.001","0.005","0.005","-15","0.2","0.2","2135812","NaN","-2.34441339450083","0.319717999869293","-5.20023721922653","4.90706790623607","-1.80819862189755","-4.82696437193702","-1.64970825063359","0.0106766442606409","-0.0111756482585133","0.00244303765525335","0.000855747715887964","-15.9699093954871","0.258978752817104","0.241208139740042","0","2023.90850180175","-967.991480028152"
"76","-2","-5e-05","-5e-05","-1","-2.375","-2","-1","0.005","0.001","5e-04","0.001","-5","0.2","0.2","5466843","NaN","NaN","NaN","NaN","NA","NaN","NaN","NaN","NaN","NaN","NaN","NaN","NaN","NaN","NaN","NaN","NaN","NaN"
"77","-2","-0.00035","-2e-04","-1","-1.75","-0.5","-3","0.005","0.005","0.001","0.001","-15","0.2","0.2","1245558","function cannot be evaluated at initial parameters","NA","NA","NA","NA","NA","NA","NA","NA","NA","NA","NA","NA","NA","NA","NA","NA","NA"
"78","-2","-5e-04","-2e-04","-2","-1.125","-0.5","-0.5","0.001","5e-04","0.001","5e-04","-5","0.2","0.2","4864803","function cannot be evaluated at initial parameters","NA","NA","NA","NA","NA","NA","NA","NA","NA","NA","NA","NA","NA","NA","NA","NA","NA"
"79","-1","-0.00035","-5e-05","-1","-1.75","-0.5","-0.5","5e-04","5e-04","0.005","5e-04","-15","0.2","0.2","533085","NaN","0.276255467303495","0.476421066861044","-0.887843005261226","5.02157176109426","-0.547274677719603","-7.75359114624262","-1.67673706175144","0.125184626632017","0.0380864796493255","0.00243216766831195","0.000836216538753282","-17.5394867969892","0.259756799691678","0.241249222953364","0","2027.315678962","-969.695068608277"
"80","-2","-0.00035","-5e-05","-1","-1.125","-2","-1","0.001","5e-04","5e-04","5e-04","-5","0.2","0.2","4596208","function cannot be evaluated at initial parameters","NA","NA","NA","NA","NA","NA","NA","NA","NA","NA","NA","NA","NA","NA","NA","NA","NA"
"81","-2.5","-5e-04","-2e-04","-4","-1.75","-2","-0.5","0.005","0.001","0.001","0.001","-15","0.2","0.2","1173302","NaN","-0.853898086001493","0.0147462933360478","-4.48284375861364","0.570165338867297","-0.340131994766073","-1.88525526875861","-1.66092868191351","0.00193410292459867","0.00238659129208764","0.00246551745566942","0.000881244285359761","-15.7541669656073","0.246277371230283","0.241294284900366","0","1968.29801034643","-940.186234300491"
"82","-2","-2e-04","-0.00035","-5","-0.5","-0.5","-3","5e-04","0.005","0.001","0.001","-10","0.2","0.2","3468163","NaN","0.67314013822584","-0.00898917565878302","-3.55664579485339","0.624905399532914","0.752504800033496","-1.97099512143223","-1.91483895951283","0.00219075949363656","0.00143340109132128","0.00216615738053815","0.000545166040192425","-13.0638301387428","0.24372732656543","0.242291944726199","0","1974.32646663947","-943.200462447015"
"83","-3","-5e-04","1e-04","-5","-3","-1","-3","0.005","5e-04","5e-04","0.001","-15","0.2","0.2","818851","function cannot be evaluated at initial parameters","NA","NA","NA","NA","NA","NA","NA","NA","NA","NA","NA","NA","NA","NA","NA","NA","NA"
"84","-2","-5e-04","-5e-05","-5","-3","-0.5","-1","5e-04","5e-04","5e-04","0.001","-10","0.2","0.2","3053203","NaN","2.81826660440102","0.00187606010342185","-4.21228380495332","0.690624260646369","-2.50647715548958","-1.92341284622346","-1.65826235121923","0.00195316919400521","0.00237589093492839","0.00246023873753551","0.000852040286510595","-7.53929052195607","0.245928464033432","0.241277218513186","0","1969.12300266","-940.598730457281"
"85","-1.5","1e-04","-5e-04","-5","-1.125","-0.5","-1","5e-04","5e-04","0.005","0.005","-10","0.2","0.2","4320649","function cannot be evaluated at initial parameters","NA","NA","NA","NA","NA","NA","NA","NA","NA","NA","NA","NA","NA","NA","NA","NA","NA"
"86","-2.5","-5e-05","-5e-04","-5","-2.375","-0.5","-3","0.001","5e-04","5e-04","5e-04","-15","0.2","0.2","35017","NaN","NaN","NaN","NaN","NA","NaN","NaN","NaN","NaN","NaN","NaN","NaN","NaN","NaN","NaN","NaN","NaN","NaN"
"87","-2","-0.00035","1e-04","-2","-2.375","-2","-1","0.001","0.005","0.005","5e-04","-15","0.2","0.2","713608","NaN","NaN","NaN","NaN","NA","NaN","NaN","NaN","NaN","NaN","NaN","NaN","NaN","NaN","NaN","NaN","NaN","NaN"
"88","-1","-2e-04","-0.00035","-2","-2.375","-2","-1","5e-04","0.001","0.001","5e-04","-10","0.2","0.2","2626040","NaN","-0.687168751424524","0.00509097536289706","-1.94355992889508","0.593608511629171","-2.08288741308697","-1.91791857035005","-1.66084276142053","0.00194866574963263","0.00236447534053878","0.00246742656847081","0.000841198795552853","-10.0863041342482","0.246045173431111","0.241346130605492","0","1968.92099242654","-940.497725340551"
"89","-1.5","-5e-05","1e-04","-5","-0.5","-2","-1","0.005","0.001","0.001","0.005","-5","0.2","0.2","6480744","NaN","-1.70667177011524","0.129616280242109","-4.53338442284512","0.633330219856203","-0.619093041386907","-1.92615717702167","-1.66240312021166","0.00195652403222791","0.002370312238868","0.0024629254873088","0.000853682453952355","-5.0774166402937","0.245863648116415","0.24130689110858","0","1968.60015420803","-940.337306231292"
"90","-1","-0.00035","-5e-04","-5","-0.5","-2","-1","0.005","0.005","0.001","0.005","-10","0.2","0.2","4286885","function cannot be evaluated at initial parameters","NA","NA","NA","NA","NA","NA","NA","NA","NA","NA","NA","NA","NA","NA","NA","NA","NA"
"91","-1","-2e-04","1e-04","-4","-1.125","-1","-3","5e-04","5e-04","0.001","0.005","-10","0.2","0.2","4055240","NaN","-2.48639743250452","-0.000265436404194474","-3.89850711694837","0.00520432739104867","-5.21042267666997","-1.7234955796184","-1.67613814186132","0.0012150023398513","0.00256660880475111","0.00254715884888494","0.000829106451856409","-8.99311442741588","0.228723452749546","0.259589449865673","0","1915.88193729764","-913.978197776099"
"92","-2.5","-2e-04","1e-04","-4","-1.75","-0.5","-3","0.005","0.005","5e-04","0.001","-10","0.2","0.2","3270237","NaN","1.12689681898869","0.0119460503201359","-4.66912756282805","0.682436781058223","-0.694952438556188","-1.92557202496656","-1.66116549566306","0.0019512505102556","0.00239118068554404","0.00247247997314188","0.000849005016089785","-10.9033963483014","0.245988350165534","0.241029468561919","0","1968.99391066891","-940.534184461736"
"93","-1","1e-04","-0.00035","-2","-2.375","-1","-1","5e-04","5e-04","0.001","5e-04","-15","0.2","0.2","266675","NaN","5.10634304933993","0.0283092207847609","-1.57640167627037","0.623521290026259","-2.15358114554303","-1.91887628375818","-1.65969382008782","0.00195600423960303","0.00236719181535323","0.00247561031224835","0.000845558991806944","-19.0967432249346","0.246068136694248","0.241226641299879","0","1969.81690979584","-940.945684025199"
"94","-2.5","-2e-04","1e-04","-4","-0.5","-1","-0.5","0.001","0.005","0.001","0.005","-10","0.2","0.2","4271487","NaN","NaN","NaN","NaN","NA","NaN","NaN","NaN","NaN","NaN","NaN","NaN","NaN","NaN","NaN","NaN","NaN","NaN"
"95","-1","-0.00035","-5e-05","-4","-0.5","-0.5","-1","0.005","5e-04","0.001","0.001","-15","0.2","0.2","1087085","NaN","-0.00393451899271236","-0.0143608723473604","-2.41741589863908","0.923615001656827","1.63964062214875","-2.02896905967126","-1.57585944787769","0.00196315534555654","0.00246628864107209","0.00261135178373529","0.000924861923897133","-13.4492137716864","0.2475343149509","0.239941454932304","0","1972.02910478168","-942.051781518117"
"96","-1","-0.00035","-2e-04","-3","-0.5","-0.5","-0.5","0.005","0.001","0.005","0.005","-15","0.2","0.2","2193435","NaN","NaN","NaN","NaN","NA","NaN","NaN","NaN","NaN","NaN","NaN","NaN","NaN","NaN","NaN","NaN","NaN","NaN"
"97","-3","-2e-04","1e-04","-5","-2.375","-0.5","-3","5e-04","0.005","5e-04","0.001","-10","0.2","0.2","3213236","function cannot be evaluated at initial parameters","NA","NA","NA","NA","NA","NA","NA","NA","NA","NA","NA","NA","NA","NA","NA","NA","NA"
"98","-3","-0.00035","-5e-05","-5","-0.5","-2","-1","0.005","0.005","0.001","5e-04","-15","0.2","0.2","490081","NaN","NaN","NaN","NaN","NA","NaN","NaN","NaN","NaN","NaN","NaN","NaN","NaN","NaN","NaN","NaN","NaN","NaN"
