r1_log,r2_log,alpha11,alpha22,alpha12,alpha21,sigma,sigma2,error,r1_log.est,r2_log.est,alpha11.est,alpha12.est,alpha22.est,alpha21.est,sigma.est,sigma2.est,converge,BIC,logLik,strtpt
-1,-3,0.001,5e-04,0.001,5e-04,0.2,0.2,,-0.688735857844757,-3.81564430257639,0.000744078679017795,0.00224627480959856,0.0234211020065269,-0.0027191696335166,0.274805294261768,0.250130239408609,0,111.124413480065,-34.2701668234789,278
-0.5,-1,0.001,0.001,0.005,0.001,0.2,0.2,,-1.04600415880963,-6.0582154724798,0.000691884602174574,0.000597600757275416,-0.0108282813684091,0.000370059862334235,0.328616619396447,0.253119834633152,0,166.227640511435,-61.8217803391641,1627
-0.5,-0.5,0.001,5e-04,0.001,0.005,0.2,0.2,,-34.4647276830392,-39.8661154700284,16.0058913612267,-78.8539785386993,-90.5966650135235,48.1982654869168,0.426775522037926,0.25866036587081,0,302.579430481186,-129.997675324039,2847
-2,-1,0.001,5e-04,5e-04,0.001,0.2,0.2,non-finite finite-difference value [2],,,,,,,,,,,,3097
-2,-1,0.001,5e-04,0.001,0.001,0.2,0.2,non-finite finite-difference value [2],,,,,,,,,,,,1849
-2,-3,0.001,0.001,0.001,5e-04,0.2,0.2,,-1.58544060507038,-3.33771181838372,0.000689675052843809,-0.00102350660867647,0.0120737861656493,-0.00136409369536605,0.343361604008945,0.289033019734833,0,194.85687724583,-76.1363987063611,373
0.5,-3,0.001,0.001,5e-04,0.005,0.2,0.2,,-0.780958779753157,-3.30140341065511,0.000799674085531943,0.00217278315026226,0.0138332272685352,-0.00154989942989538,0.297137121663309,0.239291873163366,0,119.326139411149,-38.3710297890207,2136
0.5,-5,0.001,0.005,0.001,0.005,0.2,0.2,,-0.649871338412809,-6.98495268811578,0.00071069071673221,0.00235653190881911,0.477114844150249,-0.0557964715225098,0.315315727902247,0.232837165870191,0,111.96979571309,-34.6928579399915,2996
-1,-1,0.005,0.001,5e-04,0.001,0.2,0.2,non-finite finite-difference value [2],,,,,,,,,,,,3306
-2,-1,0.001,0.001,0.005,5e-04,0.2,0.2,,-0.760758919651663,-3.1984129407231,0.000814411427786885,0.00192920912488206,0.00706456727552037,-0.00102687344354443,0.286041224503149,0.243152371159197,0,129.113660572039,-43.2647903694658,633
-0.5,-5,5e-04,5e-04,0.001,5e-04,0.2,0.2,non-finite finite-difference value [2],,,,,,,,,,,,771
-2,-1,0.001,5e-04,0.005,5e-04,0.2,0.2,non-finite finite-difference value [2],,,,,,,,,,,,569
-2,-5,0.005,0.005,0.005,0.001,0.2,0.2,,-0.696870185604436,-6.7984081188373,0.000816207144421218,0.00194130683148266,0.329480852314299,-0.0752723233827819,0.319620368440692,0.249645376685733,0,122.142486310302,-39.7792032385974,3745
-0.5,-1,0.001,0.005,0.001,0.001,0.2,0.2,,-0.79268453838737,-2.67652186437912,0.000781403317155171,0.00217602486004383,0.0080427966623852,-0.000167056070321852,0.299702201051859,0.244188951260398,0,125.998838992839,-41.7073795798659,1467
0.5,-1,0.001,0.001,5e-04,0.005,0.2,0.2,non-finite finite-difference value [2],,,,,,,,,,,,2300
-2,-5,0.005,0.001,0.001,0.001,0.2,0.2,,-0.90009048076537,-5.09548615590161,0.000772816194126911,0.00184887060664306,0.0719988377251469,-0.0117375354148825,0.315752732189277,0.241912069258079,0,117.042553394168,-37.2292367805303,3425
0.5,-0.5,0.005,0.001,5e-04,0.001,0.2,0.2,non-finite finite-difference value [2],,,,,,,,,,,,3312
0.5,-3,5e-04,5e-04,0.001,0.001,0.2,0.2,non-finite finite-difference value [2],,,,,,,,,,,,3848
-2,-0.5,5e-04,5e-04,0.001,5e-04,0.2,0.2,non-finite finite-difference value [2],,,,,,,,,,,,269
0.5,-5,0.001,0.001,0.001,0.005,0.2,0.2,,-0.78299313726342,-5.44411243589971,0.000828801914050043,0.00214703786191687,0.118227164973926,-0.0227415979836356,0.30207491749769,0.23717884017375,0,120.890339128988,-39.1531296479406,2516
-1,-0.5,0.001,5e-04,0.001,0.001,0.2,0.2,non-finite finite-difference value [2],,,,,,,,,,,,1310
-0.5,-0.5,0.005,0.001,5e-04,0.001,0.2,0.2,non-finite finite-difference value [2],,,,,,,,,,,,1263
0.5,-0.5,0.001,0.005,0.005,0.005,0.2,0.2,,-37.5462825216654,-24.9225696041821,7.54275367808403e-05,0.00829376452706915,-0.0714860571513641,0.00497212105247175,0.426775648705804,0.258661195472203,0,302.579430605867,-129.99767538638,2752
-2,-3,0.001,0.001,0.001,0.001,0.2,0.2,non-finite finite-difference value [2],,,,,,,,,,,,4085
-2,-0.5,0.005,0.005,0.001,0.005,0.2,0.2,,-0.906795475884006,-4.86883425020965,0.000481877776119793,0.00278141120877126,0.0557988273112625,-0.00962482678022744,0.251252723418015,0.221326078262521,0,110.026028607875,-33.7209743873837,2989
-0.5,-5,5e-04,0.005,0.005,0.001,0.2,0.2,non-finite finite-difference value [2],,,,,,,,,,,,1667
0.5,-3,0.005,0.001,5e-04,5e-04,0.2,0.2,non-finite finite-difference value [2],,,,,,,,,,,,104
-2,-5,5e-04,0.001,0.005,0.001,0.2,0.2,non-finite finite-difference value [2],,,,,,,,,,,,1729
0.5,-5,5e-04,5e-04,5e-04,0.001,0.2,0.2,non-finite finite-difference value [2],,,,,,,,,,,,3076
-1,-1,0.005,0.001,5e-04,0.001,0.2,0.2,non-finite finite-difference value [2],,,,,,,,,,,,1130
-0.5,-5,5e-04,0.001,5e-04,0.001,0.2,0.2,non-finite finite-difference value [2],,,,,,,,,,,,1091
-0.5,-5,0.005,0.001,0.001,0.001,0.2,0.2,,-0.715436793298273,-5.63279703213461,0.000775058279159192,0.00222515837366202,0.108081512960415,-0.0218940607200211,0.194885931406793,0.223192917860135,0,201.966493706678,-79.6912069367852,3427
-0.5,-0.5,0.005,0.001,0.005,0.001,0.2,0.2,,-0.500019141752422,-0.500012615959342,0.000736379843873993,0.00202370748156954,0.00416688396981165,0.000363797143833484,0.200226147537968,0.200068978538099,0,899.161289432858,-428.288604799875,1775
-0.5,-3,0.001,0.001,0.001,5e-04,0.2,0.2,,-0.796247864528464,-3.69590604038073,0.000820017164276647,0.00204954267733643,0.0196524098758234,-0.00243523833871884,0.300353185157744,0.238701490176251,0,120.398319803259,-38.9071199850759,503
0.5,-0.5,0.005,0.005,0.005,0.001,0.2,0.2,,-0.836747257813696,-2.4088741133418,0.000768024777321326,0.00215991975801946,0.00646087018632688,-4.83247041072758e-05,0.294095369783125,0.253633247623764,0,130.137810035781,-43.776865101337,1712
-0.5,-3,0.005,0.001,0.001,0.005,0.2,0.2,non-finite finite-difference value [2],,,,,,,,,,,,2919
-2,-0.5,5e-04,0.001,0.001,0.005,0.2,0.2,non-finite finite-difference value [2],,,,,,,,,,,,2509
-1,-1,0.001,0.001,0.005,0.001,0.2,0.2,non-finite finite-difference value [2],,,,,,,,,,,,1658
-0.5,-3,0.001,0.005,0.005,0.005,0.2,0.2,non-finite finite-difference value [2],,,,,,,,,,,,2711
-1,-3,0.001,0.005,5e-04,0.001,0.2,0.2,,-0.777998060410831,-3.31978529582918,0.000831305841614489,0.00188519038263924,0.0146845753991326,-0.00142549074611726,0.293601290512442,0.240202477915604,0,123.0663317094,-40.2411259381465,1206
0.5,-0.5,0.005,5e-04,0.001,0.005,0.2,0.2,non-finite finite-difference value [2],,,,,,,,,,,,2352
-1,-0.5,0.005,0.005,0.005,0.001,0.2,0.2,non-finite finite-difference value [2],,,,,,,,,,,,1710
-1,-3,5e-04,0.001,0.001,0.005,0.2,0.2,,-0.798482818470064,-3.26239899122705,0.000833392387853323,0.00170156593883682,0.0143486888981933,-0.00160501604760568,0.30367207161002,0.239428399214795,0,123.958782455262,-40.6873513110772,2374
0.5,-0.5,0.005,0.005,0.001,0.005,0.2,0.2,non-finite finite-difference value [2],,,,,,,,,,,,2992
-1,-1,0.001,5e-04,0.001,0.001,0.2,0.2,,-0.739132759500532,-8.14199424808052,0.000662993046932626,0.00214660772610144,1.2862747485391,-0.256820464993913,0.259503942659849,0.250273805304778,0,100.048387033041,-28.732153599967,3898
-1,-0.5,0.001,0.001,0.001,0.005,0.2,0.2,non-finite finite-difference value [5],,,,,,,,,,,,3070
-2,-0.5,0.001,0.005,0.005,0.005,0.2,0.2,,-1.18929454262691,-4.81324650207551,0.000580578201096075,0.000834209087862502,0.0243653477453693,-0.00231768580986059,0.383506737289375,0.19123328817245,0,196.485369567484,-76.9506448671883,2749
0.5,-3,5e-04,0.005,5e-04,0.005,0.2,0.2,non-finite finite-difference value [2],,,,,,,,,,,,2184
-2,-5,0.005,0.001,0.001,0.005,0.2,0.2,,-0.840624713569824,-6.8254556107185,0.00074668049324565,0.00193740445359037,0.0812403369497041,-0.0240905281847991,0.318439356235153,0.252935514658167,0,131.004554497473,-44.2102373321826,2401
-2,-5,0.001,0.001,5e-04,0.005,0.2,0.2,non-finite finite-difference value [2],,,,,,,,,,,,2289
-1,-1,0.005,0.005,0.001,0.001,0.2,0.2,non-finite finite-difference value [2],,,,,,,,,,,,3498
-2,-3,0.001,0.001,0.001,0.001,0.2,0.2,non-finite finite-difference value [2],,,,,,,,,,,,1397
-2,-5,0.001,5e-04,5e-04,0.005,0.2,0.2,non-finite finite-difference value [2],,,,,,,,,,,,2065
-1,-5,5e-04,0.005,0.001,0.001,0.2,0.2,,-0.689205181924737,-4.96428339660361,0.000548984011921936,0.00177519630357549,0.0838465237296555,-0.000395314435145766,0.244640616121259,0.241845189589819,0,121.737752269209,-39.576836218051,1410
-1,-0.5,0.001,0.005,0.001,0.005,0.2,0.2,,-0.765932052060413,-4.46889322333753,0.00082110181260734,0.00178770228898971,0.0429922758429105,-0.00974910559326354,0.343610251474912,0.239791854614187,0,130.162134873185,-43.7890275200389,2462
-0.5,-3,0.001,0.001,0.001,0.001,0.2,0.2,,-0.787055068339214,-3.56991910449126,0.000823780537904042,0.0019489378662661,0.0179561217248623,-0.00229585763892539,0.294547591816828,0.23841424210833,0,120.537300881015,-38.9766105239539,1495
-2,-3,0.001,0.005,0.005,0.001,0.2,0.2,non-finite finite-difference value [2],,,,,,,,,,,,3733
-1,-1,0.005,0.001,0.005,0.001,0.2,0.2,non-finite finite-difference value [2],,,,,,,,,,,,3818
0.5,-3,0.001,0.005,0.005,0.005,0.2,0.2,non-finite finite-difference value [2],,,,,,,,,,,,2712
-0.5,-5,0.005,0.005,5e-04,0.005,0.2,0.2,,-0.610846625752174,-5.56928342378773,0.000793172382239573,0.00210619761263366,0.103887417744028,-0.0257174819297049,0.203474048469867,0.239838179253368,0,194.501536288675,-75.9587282277841,2211
-1,-1,5e-04,0.001,5e-04,0.001,0.2,0.2,,-0.814331801192161,-3.16231861870966,0.000805996048304902,0.00173876376816867,0.0104563629739953,-0.000502249319810986,0.299019794609027,0.247057382071441,0,125.216735986865,-41.3163280768787,3146
-2,-0.5,0.005,0.001,5e-04,5e-04,0.2,0.2,,-0.809253553702762,-3.9356308381319,0.000477991231217036,0.00346992235487084,0.00809270431693127,-0.00267167451172502,0.412837213799004,0.272015092147766,0,176.056724984508,-66.7363225757003,109
0.5,-3,5e-04,0.001,0.001,5e-04,0.2,0.2,non-finite finite-difference value [2],,,,,,,,,,,,328
-2,-3,0.001,5e-04,0.005,0.001,0.2,0.2,non-finite finite-difference value [2],,,,,,,,,,,,3605
-2,-3,5e-04,0.001,5e-04,0.001,0.2,0.2,,-0.771808713467957,-3.04249442309263,0.000823053299682191,0.00205844230865364,0.0112347355451607,-0.000956062531010305,0.302808512139792,0.237536078066235,0,124.509238746367,-40.9625794566297,1221
0.5,-0.5,0.005,0.001,5e-04,0.001,0.2,0.2,non-finite finite-difference value [2],,,,,,,,,,,,3184
-1,-0.5,0.001,0.005,0.001,0.001,0.2,0.2,,-0.752907688805683,-2.74511773129375,0.000617034753816079,0.00193219965523967,0.0073449623010246,-0.000702697613743903,0.289066633448182,0.24730519314389,0,104.247599659882,-30.8317599133875,3518
-0.5,-0.5,0.005,0.005,0.001,5e-04,0.2,0.2,non-finite finite-difference value [2],,,,,,,,,,,,431
-2,-3,0.001,0.001,0.005,0.001,0.2,0.2,non-finite finite-difference value [2],,,,,,,,,,,,3797
0.5,-5,0.001,5e-04,5e-04,5e-04,0.2,0.2,,-25.5310354830145,-26.0290338730221,9.40518731384328,5.43514208477722,29.4577799948767,22.4726503427907,0.426775644225963,0.258657204852052,0,302.579463089907,-129.9976916284,52
-1,-3,0.001,0.001,5e-04,0.001,0.2,0.2,,-0.801448013497788,-3.47978638809207,0.000456684130004764,0.00185764682835111,0.0162652380049017,-0.00207210718645168,0.300961980454422,0.238389065649988,0,96.8313005065863,-27.1236103367395,3190
0.5,-1,5e-04,0.005,0.001,0.001,0.2,0.2,non-finite finite-difference value [2],,,,,,,,,,,,3980
-2,-5,0.001,5e-04,0.001,0.005,0.2,0.2,non-finite finite-difference value [2],,,,,,,,,,,,2865
-0.5,-1,0.001,0.001,0.005,0.001,0.2,0.2,,-1.04600415880963,-6.0582154724798,0.000691884602174574,0.000597600757275416,-0.0108282813684091,0.000370059862334235,0.328616619396447,0.253119834633152,0,166.227640511435,-61.8217803391641,3707
0.5,-5,0.005,0.005,5e-04,0.001,0.2,0.2,non-finite finite-difference value [2],,,,,,,,,,,,3236
-0.5,-0.5,5e-04,5e-04,0.001,0.001,0.2,0.2,non-finite finite-difference value [2],,,,,,,,,,,,1295
-0.5,-3,0.005,0.005,0.001,0.001,0.2,0.2,non-finite finite-difference value [2],,,,,,,,,,,,1447
0.5,-3,0.001,0.001,0.005,0.001,0.2,0.2,non-finite finite-difference value [2],,,,,,,,,,,,1624
0.5,-1,5e-04,5e-04,0.001,0.001,0.2,0.2,non-finite finite-difference value [2],,,,,,,,,,,,3852
-2,-5,0.001,5e-04,0.001,0.001,0.2,0.2,,-0.848809696822174,-6.56688204125919,0.000769080137797296,0.00200698317264434,0.382722034235345,-0.00319174650132411,0.295101019056011,0.238315389880124,0,133.430738037148,-45.4233291020204,1841
-1,-3,0.001,0.001,0.001,0.001,0.2,0.2,,-0.667770177488443,-3.73434090061438,0.000687862569110677,0.00197242669665908,0.0156403564550605,-0.00309292497563972,0.275852098501124,0.246765617671073,0,104.673331502443,-31.044625834668,2038
0.5,-0.5,5e-04,0.001,5e-04,5e-04,0.2,0.2,non-finite finite-difference value [2],,,,,,,,,,,,208
-1,-5,0.005,0.005,0.001,0.001,0.2,0.2,non-finite finite-difference value [2],,,,,,,,,,,,4002
-2,-1,0.001,0.001,0.001,5e-04,0.2,0.2,,-0.785231037915855,-5.64509992517607,0.000540151376269259,0.00269095557553083,0.0637333905369191,-0.0152744744673707,0.270207144543894,0.235703357982742,0,102.388360199321,-29.9021401831071,985
-2,-3,5e-04,0.001,0.001,0.001,0.2,0.2,non-finite finite-difference value [2],,,,,,,,,,,,3909
-0.5,-0.5,5e-04,0.005,5e-04,0.001,0.2,0.2,non-finite finite-difference value [2],,,,,,,,,,,,3215
-1,-0.5,0.001,5e-04,0.001,0.005,0.2,0.2,non-finite finite-difference value [5],,,,,,,,,,,,2334
-0.5,-5,0.001,0.001,0.001,5e-04,0.2,0.2,,-0.529606408922873,-4.99528058078195,0.000819937233711858,0.00142010798378441,0.0807210371841154,-0.0181257853735585,0.237096588695786,0.214488445858692,0,191.066594200462,-74.2412571836775,979
-2,-0.5,0.001,5e-04,0.001,0.001,0.2,0.2,,-0.773744198053389,-5.64312698976677,0.000813539903577601,0.00192890146365851,0.012240367436862,-0.00185235344562,0.292119701016612,0.229451754475001,0,148.712114076048,-53.0640171214703,3901
-1,-0.5,0.005,0.001,0.005,0.001,0.2,0.2,,-1.00001720594084,-0.500014225718695,0.000681010941856803,0.00299699636970843,0.00399709019560579,0.000442695576911293,0.200210655212713,0.200085057667781,0,933.59388480493,-445.504902485911,3694
0.5,-3,0.001,5e-04,0.001,0.005,0.2,0.2,,-0.707794912101098,-4.61781110485161,0.000613690790653499,0.00217118685404421,0.0485023831772919,-0.00752414925462872,0.275832236509055,0.238907210024575,0,91.674847188161,-24.5453836775269,2360
-0.5,-0.5,0.001,0.001,0.001,5e-04,0.2,0.2,,-0.64019560627538,-3.50169204071054,0.000712444400379772,0.00210828127503408,-0.00371812257473934,-0.000240064323656204,0.292593114839447,0.256647402111932,0,156.839108551047,-57.1275143589701,863
-2,-3,5e-04,0.005,5e-04,0.005,0.2,0.2,,-0.718997429716039,-3.6892595274186,0.00059140613397818,0.00319946534348468,0.0218271160793918,-0.00282139097092667,0.308155120505111,0.307712760926396,0,134.437456489595,-45.9266883282439,2181
-2,-0.5,0.001,0.001,0.005,0.001,0.2,0.2,non-finite finite-difference value [2],,,,,,,,,,,,3805
0.5,-5,0.001,0.005,5e-04,0.001,0.2,0.2,,-9.9057039125951,-9.5983772858708,0.216164433291799,-7.18528717229582,6.69234064760014,-1.09841215580183,0.42206674880519,0.238924646015565,0,265.502205573541,-111.459062870217,1172
-2,-1,0.005,0.001,0.001,5e-04,0.2,0.2,non-finite finite-difference value [2],,,,,,,,,,,,873
0.5,-0.5,0.001,0.005,0.005,0.005,0.2,0.2,,-37.5462825216654,-24.9225696041821,7.54275367808403e-05,0.00829376452706915,-0.0714860571513641,0.00497212105247175,0.426775648705804,0.258661195472203,0,302.579430605867,-129.99767538638,2720
0.5,-0.5,0.001,0.005,5e-04,0.001,0.2,0.2,,-0.917946481312727,-9.36824108076815,0.000528654238137505,0.00210972539480633,4.59166759134488,-0.830262886818259,0.285262552198674,0.227888246010219,0,97.7410921091773,-27.578506138035,1216
-2,-1,0.005,0.005,5e-04,0.005,0.2,0.2,,-1.12356437282191,-1.70587009241719,0.000663751389694599,0.00152200093012083,0.0064086356139364,2.08276305844697e-05,0.403148356216969,0.257735583142656,0,202.090887226451,-79.7534036966719,2217
0.5,-1,5e-04,0.005,0.005,5e-04,0.2,0.2,non-finite finite-difference value [2],,,,,,,,,,,,652
0.5,-1,0.001,0.001,0.001,5e-04,0.2,0.2,,-0.809889101306511,-5.25149373427268,0.000822134256054794,0.00188389459458254,-0.00784410723284362,-0.000743077399051224,0.308272150125505,0.259735807243726,0,154.120426606684,-55.7681733867885,1020
-0.5,-3,0.005,0.001,0.001,0.005,0.2,0.2,non-finite finite-difference value [2],,,,,,,,,,,,2407
-1,-0.5,5e-04,0.005,0.001,0.001,0.2,0.2,,-0.745697679842756,-3.00519724096247,0.000755797199574273,0.00201331930327823,0.00795997352428733,-0.000912194834964093,0.287982265190996,0.243731873935999,0,117.444750811101,-37.4303354889969,3470
-2,-5,0.001,0.005,0.005,0.001,0.2,0.2,,-0.740136674882749,-5.22078443045774,0.000836788719136192,0.00190711733012284,0.0861386189448412,-0.0158593335841251,0.29708783004817,0.242264957049613,0,120.807813202213,-39.1118666845527,3729
-0.5,-1,0.001,0.001,0.001,5e-04,0.2,0.2,,-0.833682263891735,-3.26627387736151,0.000601740046791717,0.00188765258702448,0.0114958611765344,-0.00107848120192863,0.303735950794639,0.249090425440576,0,103.148803568601,-30.282361867747,379
-2,-3,0.001,0.005,5e-04,0.005,0.2,0.2,,-0.798949288819344,-3.21968133461881,0.000813263224332187,0.00194526476061768,0.0123013888118752,-0.0012696971319637,0.303820483350332,0.240649408109705,0,121.731222514627,-39.5735713407596,2197
-0.5,-5,0.001,0.005,0.001,0.001,0.2,0.2,,-0.74608611830697,-6.32421126606058,0.000816199069343567,0.00205215823069176,0.256138996995901,-0.0338005079786674,0.288333500872322,0.239888514257997,0,119.230144368184,-38.3230322675386,3475
-0.5,-1,0.001,0.001,5e-04,0.005,0.2,0.2,,-0.749891259452991,-3.93341045334739,0.000709197763463447,0.00193793745778532,0.0195541963982505,-0.00453253709876835,0.295583860967593,0.238978403014604,0,106.874298024259,-32.145109095576,2267
-2,-0.5,0.001,0.001,5e-04,0.005,0.2,0.2,,-0.650973322451472,-3.63068989843322,0.000554991942236328,0.00258177506838199,0.019572549662442,-0.00280523295725643,0.329044142079809,0.208195783182903,0,113.380904485981,-35.3984123264367,2141
-2,-5,0.005,0.005,0.001,0.001,0.2,0.2,,-0.856519187834367,-5.13464881086592,0.000799081233151012,0.00179363056959009,0.0785045061488876,-0.0134546282179032,0.3197038120769,0.239062339143691,0,118.960047953148,-38.1879840600205,1953
-1,-5,0.001,0.001,0.001,0.001,0.2,0.2,,-0.759393145796313,-5.53305728580809,0.000769261032293023,0.00225452606730789,0.114645594514381,-0.0244159365681987,0.305995394851024,0.238299269549253,0,113.33658941554,-35.3762547912166,1490
0.5,-5,0.001,0.001,0.001,0.001,0.2,0.2,,-23.6260980215141,-8.45942249279037,3.74939312593882,3.96288861092601,2.0867413263694,-0.34736819648141,0.426771301564947,0.239059028736426,0,270.301540460701,-113.858730313797,1908
0.5,-5,0.001,0.001,0.001,0.001,0.2,0.2,,-23.6260980215141,-8.45942249279037,3.74939312593882,3.96288861092601,2.0867413263694,-0.34736819648141,0.426771301564947,0.239059028736426,0,270.301540460701,-113.858730313797,4084
-1,-0.5,0.001,0.001,0.005,0.001,0.2,0.2,non-finite finite-difference value [2],,,,,,,,,,,,1790
-0.5,-5,0.005,0.001,5e-04,0.001,0.2,0.2,non-finite finite-difference value [2],,,,,,,,,,,,1251
0.5,-0.5,0.001,0.001,0.005,0.001,0.2,0.2,non-finite finite-difference value [2],,,,,,,,,,,,3712
-0.5,-1,0.001,0.001,0.001,0.005,0.2,0.2,,-1.53843345811224,-4.57373199300089,0.000535519907490452,0.00263305932090951,0.0382531484063268,-0.00584131768374248,0.370494238858226,0.24579821534227,0,172.312820643527,-64.86437040521,2523
-0.5,-1,5e-04,0.001,0.001,0.001,0.2,0.2,non-finite finite-difference value [2],,,,,,,,,,,,3403
-0.5,-5,0.005,0.001,0.005,0.001,0.2,0.2,,-0.497440539448424,-5.00013659884458,0.000651072465138519,0.00292899209519697,0.000825540577595728,-0.00668532037006758,0.195006229901117,0.259065870980395,0,272.827352910035,-115.121636538464,1763
-2,-0.5,5e-04,0.001,0.001,5e-04,0.2,0.2,,-20.9189668972961,-7.41636646500503,0.00210280772837205,-0.0422107008158575,0.737048959692445,-0.122146293971079,0.426725574643075,0.239054403265038,0,270.310028548225,-113.862974357559,973
-0.5,-1,0.005,0.001,5e-04,0.005,0.2,0.2,,-0.500041762827352,-1.00073672788651,0.000820353790454736,0.00218079537611249,0.00362710735623962,0.000240305120339866,0.205380880390298,0.204217709893375,0,514.422615518931,-235.919267842912,2283
-2,-5,0.001,0.005,5e-04,0.001,0.2,0.2,,-0.774489781026648,-7.16009852033149,0.000827918605525676,0.00178802365675892,0.442593268732186,0.000612699094433806,0.287858567865647,0.252332640139172,0,138.179447851967,-47.7976840094299,1201
-1,-3,5e-04,5e-04,0.005,0.001,0.2,0.2,,-1,-3,0.000500000000000206,0.00499999999999991,0.00050000000000001,0.000999999999999981,0.2,0.2,0,550.486823392472,-253.951371779682,3590
-0.5,-0.5,5e-04,0.001,0.005,0.001,0.2,0.2,non-finite finite-difference value [2],,,,,,,,,,,,1743
-2,-0.5,0.005,5e-04,5e-04,0.001,0.2,0.2,,-0.792691856159481,-2.71204508338849,0.000774550177753931,0.00172436273780238,0.00262514544942946,0.000238402825840807,0.292171249142746,0.252582137056731,0,146.001523951111,-51.7087220590019,3117
-0.5,-3,0.001,0.001,0.005,0.001,0.2,0.2,non-finite finite-difference value [2],,,,,,,,,,,,1783
-0.5,-3,0.001,0.005,5e-04,5e-04,0.2,0.2,non-finite finite-difference value [2],,,,,,,,,,,,183
-0.5,-0.5,0.001,0.001,0.001,5e-04,0.2,0.2,,-0.64019560627538,-3.50169204071054,0.000712444400379772,0.00210828127503408,-0.00371812257473934,-0.000240064323656204,0.292593114839447,0.256647402111932,0,156.839108551047,-57.1275143589701,991
-2,-5,0.001,0.001,0.001,0.005,0.2,0.2,non-finite finite-difference value [2],,,,,,,,,,,,2929
-2,-1,0.001,5e-04,5e-04,0.005,0.2,0.2,,-9.46440377372401,-6.01970543987877,0.141654906324285,-4.65065743967559,0.189946550479999,-0.0302181992931498,0.422037306788746,0.238978795469837,0,265.534765203675,-111.475342685284,2073
-2,-5,5e-04,0.001,0.001,0.001,0.2,0.2,,-2,-5,0.000500000000000311,0.000999999999999949,0.00100000000000001,0.000999999999999941,0.2,0.2,0,480.991442444133,-219.203681305513,3393
-0.5,-5,0.001,0.001,0.005,0.005,0.2,0.2,non-finite finite-difference value [2],,,,,,,,,,,,2675
-0.5,-3,5e-04,0.005,5e-04,0.005,0.2,0.2,non-finite finite-difference value [2],,,,,,,,,,,,2183
-1,-5,0.005,0.001,0.001,0.001,0.2,0.2,,-0.290491496540201,-4.47734905640872,0.0007380237071598,0.00089607912609661,-0.021262862182184,-0.0101387774246733,0.252767611284953,0.315461838758633,0,367.744668529921,-162.580294348407,1378
-1,-1,5e-04,0.001,0.001,0.005,0.2,0.2,,-21.6270906448936,-11.3142675346416,32.2491580200345,15.0270409124965,36.2226140158371,-6.04513571943257,0.426776004525224,0.239078308172725,0,270.297677435858,-113.856798801375,2378
-1,-1,5e-04,0.005,5e-04,0.005,0.2,0.2,,-0.697136060676525,-6.26726956477766,0.000522283409558863,0.00250884241710851,0.236084584366887,-0.0389115863121975,0.274068933104608,0.231672708989865,0,87.7670558801779,-22.5914880235353,2186
-2,-0.5,0.001,0.001,0.001,5e-04,0.2,0.2,,-1.99999782656722,-0.500021272356273,0.000623424231828002,0.000859283572651398,0.00492268297525601,0.000328926567111421,0.200049092795137,0.200131850063456,0,1138.06560982549,-547.74076499619,1021
-0.5,-5,0.005,5e-04,5e-04,5e-04,0.2,0.2,non-finite finite-difference value [2],,,,,,,,,,,,35
0.5,-0.5,0.001,0.001,0.001,0.001,0.2,0.2,,-0.896154771373239,-4.45571595061407,0.000698511758419489,0.00166373539897528,-0.00460513402296663,-0.00226601631808613,0.316212070529886,0.260247504065956,0,142.83274055646,-50.1243303616763,1376
0.5,-5,0.001,0.001,0.001,0.001,0.2,0.2,,-23.6260980215141,-8.45942249279037,3.74939312593882,3.96288861092601,2.0867413263694,-0.34736819648141,0.426771301564947,0.239059028736426,0,270.301540460701,-113.858730313797,3572
-1,-1,0.005,5e-04,0.005,0.005,0.2,0.2,non-finite finite-difference value [2],,,,,,,,,,,,2602
-2,-5,0.001,0.001,0.001,5e-04,0.2,0.2,non-finite finite-difference value [2],,,,,,,,,,,,497
-0.5,-1,0.005,5e-04,0.001,0.005,0.2,0.2,non-finite finite-difference value [2],,,,,,,,,,,,2859
0.5,-1,0.005,0.001,5e-04,0.005,0.2,0.2,non-finite finite-difference value [2],,,,,,,,,,,,2156
-2,-3,0.005,0.005,0.005,5e-04,0.2,0.2,,-0.915843118596246,-4.81925400211394,0.000738436879232438,0.00179666335910558,0.0539714344062905,-0.00552121970509117,0.307534824603833,0.241447907541103,0,116.156850316342,-36.7863852416172,677
-0.5,-0.5,5e-04,0.001,0.001,0.005,0.2,0.2,non-finite finite-difference value [2],,,,,,,,,,,,2511
0.5,-5,5e-04,5e-04,0.005,0.001,0.2,0.2,non-finite finite-difference value [2],,,,,,,,,,,,3588
-0.5,-3,0.001,0.005,5e-04,0.001,0.2,0.2,,-0.500007772866499,-3.00000019651533,0.000701349790173993,0.00228668487735773,0.00502827648021837,0.000663122547805508,0.200050334952001,0.200014836688819,0,256.428106930384,-106.922013548638,1207
0.5,-3,0.001,0.001,5e-04,0.001,0.2,0.2,non-finite finite-difference value [2],,,,,,,,,,,,3288
-0.5,-3,0.005,0.005,0.005,5e-04,0.2,0.2,non-finite finite-difference value [2],,,,,,,,,,,,679
-1,-5,0.005,0.001,5e-04,0.005,0.2,0.2,non-finite finite-difference value [2],,,,,,,,,,,,2274
-2,-3,0.001,0.001,0.005,0.001,0.2,0.2,non-finite finite-difference value [2],,,,,,,,,,,,1781
-1,-5,0.001,0.001,0.001,0.001,0.2,0.2,,-0.759393145796313,-5.53305728580809,0.000769261032293023,0.00225452606730789,0.114645594514381,-0.0244159365681987,0.305995394851024,0.238299269549253,0,113.33658941554,-35.3762547912166,3570
-0.5,-1,5e-04,5e-04,0.005,0.005,0.2,0.2,non-finite finite-difference value [2],,,,,,,,,,,,2571
-1,-1,5e-04,0.001,0.001,5e-04,0.2,0.2,non-finite finite-difference value [2],,,,,,,,,,,,970
-2,-1,0.005,0.001,5e-04,5e-04,0.2,0.2,,-0.936971099752773,-3.99673189258732,0.000751254407552641,0.00172568292716092,-0.00638090623520376,0.000251692477313985,0.295649995172357,0.247737290916506,0,164.686868921092,-61.0513945439925,105
0.5,-1,0.005,5e-04,0.005,0.005,0.2,0.2,non-finite finite-difference value [2],,,,,,,,,,,,2604
-2,-3,0.001,5e-04,0.001,0.005,0.2,0.2,,-0.752353716011401,-3.33810667229019,0.00078205218743806,0.00217616736371548,0.0169521191285083,-0.00110319796024803,0.304091500886454,0.23794832724907,0,118.865968107297,-38.1409441370949,2869
-1,-1,5e-04,0.001,5e-04,0.001,0.2,0.2,,-0.814331801192161,-3.16231861870966,0.000805996048304902,0.00173876376816867,0.0104563629739953,-0.000502249319810986,0.299019794609027,0.247057382071441,0,125.216735986865,-41.3163280768787,1226
0.5,-0.5,0.001,5e-04,0.005,0.005,0.2,0.2,non-finite finite-difference value [2],,,,,,,,,,,,2624
0.5,-5,5e-04,5e-04,0.001,0.001,0.2,0.2,non-finite finite-difference value [2],,,,,,,,,,,,3332
-0.5,-1,0.005,0.001,0.001,0.001,0.2,0.2,non-finite finite-difference value [2],,,,,,,,,,,,4075
-1,-1,0.001,0.001,0.001,5e-04,0.2,0.2,,-0.772211726014685,-3.24154552563654,0.000818125519173065,0.00182748991641857,0.00831461497630338,-0.000933592305569769,0.303190694538582,0.253190380435015,0,128.041980484177,-42.7289503255349,858
-2,-3,5e-04,0.005,5e-04,0.001,0.2,0.2,non-finite finite-difference value [2],,,,,,,,,,,,3205
0.5,-1,0.001,0.005,5e-04,0.001,0.2,0.2,,-0.790237946443653,-3.56719934136704,0.000710823066590656,0.00182180053937628,0.0145979052804716,-0.00247156439064018,0.297389805979808,0.242475157672224,0,107.576236153026,-32.4960781599592,3228
-2,-5,0.005,0.005,0.001,0.001,0.2,0.2,,-0.856519187834367,-5.13464881086592,0.000799081233151012,0.00179363056959009,0.0785045061488876,-0.0134546282179032,0.3197038120769,0.239062339143691,0,118.960047953148,-38.1879840600205,1441
-1,-0.5,0.001,0.001,0.005,0.005,0.2,0.2,,-22.9545193958875,-41.6066624954149,1.25078224739584,15.2208754104385,0.505000252542633,-6.65835336447779,0.426772964841745,0.258650483718332,0,302.57947702593,-129.997698596412,2814
-0.5,-5,0.005,0.001,0.001,0.005,0.2,0.2,,-0.639536928245287,-8.39441988494571,0.000749434181550512,0.00193616238691908,1.94710461416911,-0.229285178463565,0.195649672416061,0.245707021440392,0,195.669104586678,-76.5425123767853,2915
-0.5,-1,0.005,0.005,0.001,0.001,0.2,0.2,,-0.605124543538455,-3.4255710267343,0.000857785915546064,0.00212683851991482,0.0138409982727179,-0.000278226737885425,0.212337901631682,0.245060668155581,0,210.030548076078,-83.7232341214856,4011
-2,-5,5e-04,0.005,5e-04,0.001,0.2,0.2,,-0.804637690690629,-6.99835313979473,0.000691325130643062,0.00186299191511142,0.412650557740908,0.000882974371470507,0.293633377412405,0.250370132710737,0,121.105718975863,-39.2608195713779,1153
-0.5,-1,0.001,5e-04,0.001,0.005,0.2,0.2,,-0.719434673312863,-5.44107028164738,0.00064313879156375,0.00191682118596581,0.0608700726770354,-0.0125322003095604,0.313024358115572,0.244127650134894,0,104.696390734227,-31.0561554505599,2363
0.5,-1,0.001,0.001,5e-04,5e-04,0.2,0.2,non-finite finite-difference value [2],,,,,,,,,,,,252
-1,-1,0.001,0.001,0.001,5e-04,0.2,0.2,,-0.772211726014685,-3.24154552563654,0.000818125519173065,0.00182748991641857,0.00831461497630338,-0.000933592305569769,0.303190694538582,0.253190380435015,0,128.041980484177,-42.7289503255349,378
-1,-5,0.001,0.005,0.001,0.001,0.2,0.2,,-0.764168671354591,-5.61587558197281,0.000768561094280227,0.0021702254415827,0.117592895077032,-0.0264383516170322,0.300701185531359,0.234671486654836,0,112.319793657643,-34.8678569122678,1970
-2,-3,5e-04,0.001,5e-04,0.005,0.2,0.2,non-finite finite-difference value [2],,,,,,,,,,,,2117
-1,-5,0.005,0.001,0.001,0.001,0.2,0.2,,-0.290491496540201,-4.47734905640872,0.0007380237071598,0.00089607912609661,-0.021262862182184,-0.0101387774246733,0.252767611284953,0.315461838758633,0,367.744668529921,-162.580294348407,1506
-1,-5,0.001,5e-04,5e-04,0.005,0.2,0.2,,-0.766524248851237,-4.52065594034147,0.000794536640893368,0.00115464466529433,0.0682345216464835,-0.00255409423233004,0.272249747946219,0.223545296964188,0,151.86450611989,-54.6402131433913,2098
-0.5,-1,0.005,0.005,5e-04,0.001,0.2,0.2,,-0.706289178026779,-5.33480934989374,0.000844193316341924,0.00181163506024565,0.0209988606522757,-0.0043882037913642,0.252410677785185,0.256000178133406,0,154.311167061307,-55.8635436140997,1195
-1,-3,0.005,0.001,5e-04,5e-04,0.2,0.2,non-finite finite-difference value [2],,,,,,,,,,,,102
-1,-1,0.001,0.005,0.005,5e-04,0.2,0.2,,-0.768608231672246,-2.60476864469998,0.000769278333720632,0.00174929030820803,0.0080286260237439,5.12488547940373e-05,0.288348793440128,0.249733573962039,0,126.812248290337,-42.114084228615,698
0.5,-3,0.001,0.001,5e-04,0.005,0.2,0.2,,-0.780958779753157,-3.30140341065511,0.000799674085531943,0.00217278315026226,0.0138332272685352,-0.00154989942989538,0.297137121663309,0.239291873163366,0,119.326139411149,-38.3710297890207,2168
-0.5,-5,5e-04,5e-04,0.001,0.001,0.2,0.2,non-finite finite-difference value [2],,,,,,,,,,,,1795
-2,-1,0.001,0.001,5e-04,0.005,0.2,0.2,non-finite finite-difference value [2],,,,,,,,,,,,2297
0.5,-1,5e-04,0.001,5e-04,0.001,0.2,0.2,non-finite finite-difference value [2],,,,,,,,,,,,3148
-1,-0.5,0.005,0.005,5e-04,0.001,0.2,0.2,,-0.851978340654911,-0.722871516916064,0.000624214769120114,0.00229384384972011,0.00256725232887689,0.00178680140181419,0.223098378776404,1.57516061959538,0,738.381857744939,-347.898888955916,1198
0.5,-3,0.001,0.001,0.001,0.001,0.2,0.2,non-finite finite-difference value [2],,,,,,,,,,,,2008
0.5,-1,0.001,0.001,0.001,0.001,0.2,0.2,,-0.801050442948463,-3.35088363733883,0.000694305258488586,0.00222229514663943,0.0137999050092636,-0.00193098488883996,0.29881373072792,0.24015513320204,0,106.722506701341,-32.0692134341168,1884
0.5,-1,5e-04,0.001,5e-04,5e-04,0.2,0.2,non-finite finite-difference value [2],,,,,,,,,,,,76
0.5,-1,0.005,0.005,5e-04,5e-04,0.2,0.2,non-finite finite-difference value [2],,,,,,,,,,,,172
-2,-1,0.005,0.001,0.001,0.001,0.2,0.2,,-0.751472755506747,-4.39542297484317,0.000765980154281539,0.00180205864143754,-0.00715438343793667,0.00112046048611456,0.30977643085961,0.252772454326798,0,158.804600194914,-58.1102601809031,1897
-1,-3,0.005,5e-04,5e-04,0.001,0.2,0.2,non-finite finite-difference value [2],,,,,,,,,,,,1062
-2,-3,0.001,5e-04,0.001,0.001,0.2,0.2,,-0.795887266597464,-3.82286411751423,0.000776174014177228,0.00191779871729148,0.0223076320973608,-0.00261258005986402,0.298792595972481,0.239860904242443,0,113.730961489342,-35.5734408281176,1333
-2,-1,0.001,0.001,0.005,0.001,0.2,0.2,,-0.801510995469419,-4.46673093430574,0.000783564659998066,0.00172845404383033,-0.00169288736906208,0.00342772228656851,0.270566070814901,0.247213853300864,0,166.573794836454,-61.9948575016733,1753
-2,-3,5e-04,5e-04,5e-04,0.005,0.2,0.2,,-0.87380631380911,-3.24400521803986,0.000796609411493325,0.00175041992868291,0.014648374979627,-0.00119366131724764,0.304136180227773,0.232884361510107,0,121.698519860193,-39.5572200135431,2053
0.5,-0.5,0.005,0.001,0.001,0.001,0.2,0.2,non-finite finite-difference value [2],,,,,,,,,,,,3440
-0.5,-3,0.001,5e-04,0.005,5e-04,0.2,0.2,non-finite finite-difference value [2],,,,,,,,,,,,535
-1,-1,0.005,0.005,0.005,5e-04,0.2,0.2,non-finite finite-difference value [2],,,,,,,,,,,,682
-2,-1,0.005,5e-04,0.001,5e-04,0.2,0.2,,-0.795213111298418,-5.99758049268007,0.000807400949932823,0.00149708712181958,-0.0139565829148317,0.000403703571675278,0.3022807394594,0.26579428962028,0,152.642760554786,-55.0293403608391,809
-1,-1,0.001,0.001,0.005,0.001,0.2,0.2,non-finite finite-difference value [2],,,,,,,,,,,,1754
-0.5,-0.5,0.001,5e-04,0.005,5e-04,0.2,0.2,non-finite finite-difference value [5],,,,,,,,,,,,543
-1,-3,5e-04,0.005,0.001,0.001,0.2,0.2,non-finite finite-difference value [2],,,,,,,,,,,,1414
-1,-1,0.005,5e-04,0.001,0.005,0.2,0.2,non-finite finite-difference value [2],,,,,,,,,,,,2346
-1,-3,0.001,0.001,0.001,0.001,0.2,0.2,,-0.667770177488443,-3.73434090061438,0.000687862569110677,0.00197242669665908,0.0156403564550605,-0.00309292497563972,0.275852098501124,0.246765617671073,0,104.673331502443,-31.044625834668,2006
-1,-5,0.001,5e-04,5e-04,5e-04,0.2,0.2,,-0.563569232777623,-5.73923693651528,0.000719488375704592,0.00162064524602626,0.125812980226178,-0.0296243286151665,0.284368342136966,0.245615089169195,0,119.284597653563,-38.350258910228,18
-2,-1,0.005,0.005,5e-04,0.001,0.2,0.2,,-0.754617556122704,-2.15424659914652,0.000728352761334012,0.00210526622539038,0.00580380197486224,-4.45871104235757e-05,0.339711141866335,0.244719377710417,0,140.113407399918,-48.7646637834055,1193
-2,-1,0.005,0.001,0.005,0.001,0.2,0.2,non-finite finite-difference value [2],,,,,,,,,,,,3817
-0.5,-3,5e-04,5e-04,0.001,0.005,0.2,0.2,non-finite finite-difference value [2],,,,,,,,,,,,2311
-2,-1,0.001,0.001,0.001,0.001,0.2,0.2,non-finite finite-difference value [2],,,,,,,,,,,,1369
-1,-5,5e-04,0.001,5e-04,0.001,0.2,0.2,non-finite finite-difference value [2],,,,,,,,,,,,1218
-1,-1,5e-04,0.001,5e-04,0.001,0.2,0.2,,-0.814331801192161,-3.16231861870966,0.000805996048304902,0.00173876376816867,0.0104563629739953,-0.000502249319810986,0.299019794609027,0.247057382071441,0,125.216735986865,-41.3163280768787,1098
-2,-1,5e-04,0.005,5e-04,0.005,0.2,0.2,,-12.4737867349076,-11.4838507923898,2.80173026504023,-93.5191705215486,44.0818631546702,-7.24098083399671,0.42208467726761,0.238932253076356,0,265.52418744284,-111.470053804866,2185
-1,-5,0.005,0.001,5e-04,0.005,0.2,0.2,non-finite finite-difference value [2],,,,,,,,,,,,2146
-2,-0.5,0.005,0.005,0.001,0.001,0.2,0.2,,-0.888953823483126,-2.97172907702005,0.000518420281047058,0.00177724906654192,0.00682142572870683,-0.000816941079394088,0.320187303580943,0.252611820236857,0,114.325683941197,-35.870802054045,1965
-1,-5,0.005,0.005,0.001,0.001,0.2,0.2,non-finite finite-difference value [2],,,,,,,,,,,,3490
-1,-1,0.001,0.001,5e-04,0.001,0.2,0.2,,-0.88017451193045,-2.60633248261828,0.0004896301606296,0.00206231090457341,0.00894628915732994,-0.000464140904214216,0.29234131985093,0.245980971041487,0,104.464668714794,-30.9402944408432,1114
-2,-3,5e-04,0.001,5e-04,0.001,0.2,0.2,,-0.771808713467957,-3.04249442309263,0.000823053299682191,0.00205844230865364,0.0112347355451607,-0.000956062531010305,0.302808512139792,0.237536078066235,0,124.509238746367,-40.9625794566297,1093
-1,-0.5,5e-04,5e-04,0.005,0.001,0.2,0.2,non-finite finite-difference value [2],,,,,,,,,,,,1550
-0.5,-0.5,0.001,0.005,0.001,5e-04,0.2,0.2,,-0.702129679408027,-3.00785439576846,0.000644397822944546,0.00256696710019368,0.0119899443307475,-0.00110289870736496,0.273613484948451,0.247106611121901,0,103.293982695245,-30.354951431069,959
-1,-1,0.001,5e-04,0.001,0.001,0.2,0.2,,-0.739132759500532,-8.14199424808052,0.000662993046932626,0.00214660772610144,1.2862747485391,-0.256820464993913,0.259503942659849,0.250273805304778,0,100.048387033041,-28.732153599967,3386
-0.5,-0.5,0.005,0.001,0.001,0.001,0.2,0.2,non-finite finite-difference value [2],,,,,,,,,,,,3951
-1,-0.5,0.005,5e-04,5e-04,0.001,0.2,0.2,non-finite finite-difference value [2],,,,,,,,,,,,1070
-2,-1,5e-04,5e-04,0.005,0.001,0.2,0.2,non-finite finite-difference value [2],,,,,,,,,,,,1545
-1,-5,5e-04,0.001,0.001,0.001,0.2,0.2,,-0.64746420272428,-4.92832784653559,0.000559005300523749,0.0019030024784617,0.0859423551848678,-0.000441486559783812,0.239674970676262,0.245268177622714,0,124.534473980921,-40.9751970739068,1474
-0.5,-1,0.001,0.001,0.005,5e-04,0.2,0.2,,-0.829137446157609,-4.93070420221881,0.000784738165817844,0.00186605960058142,-0.00742548866482386,-0.00108040445337295,0.297325843843847,0.262278737693435,0,148.98564232058,-53.2007812437365,763
0.5,-1,0.001,0.001,0.001,0.001,0.2,0.2,,-0.801050442948463,-3.35088363733883,0.000694305258488586,0.00222229514663943,0.0137999050092636,-0.00193098488883996,0.29881373072792,0.24015513320204,0,106.722506701341,-32.0692134341168,4092
-1,-3,0.001,0.001,0.005,0.001,0.2,0.2,non-finite finite-difference value [2],,,,,,,,,,,,3702
-0.5,-3,0.005,5e-04,5e-04,0.001,0.2,0.2,non-finite finite-difference value [2],,,,,,,,,,,,3111
-2,-5,0.005,0.005,5e-04,5e-04,0.2,0.2,,-0.866178247691934,-5.14512210102359,0.00076767909580767,0.00183182300009264,0.0842731394905333,-0.0116768693951071,0.321861926839396,0.23594997848142,0,117.080689505528,-37.2483048362102,161
-1,-5,0.001,0.001,0.001,5e-04,0.2,0.2,,-0.688182163428221,-5.4344868285304,0.000794348696694026,0.00191149990598388,0.103516279025966,-0.0211931529308647,0.295075010759233,0.245904788349201,0,115.783983133889,-36.599951650391,498
0.5,-1,0.001,0.001,0.001,5e-04,0.2,0.2,,-0.809889101306511,-5.25149373427268,0.000822134256054794,0.00188389459458254,-0.00784410723284362,-0.000743077399051224,0.308272150125505,0.259735807243726,0,154.120426606684,-55.7681733867885,380
-2,-0.5,0.001,0.001,5e-04,0.001,0.2,0.2,non-finite finite-difference value [2],,,,,,,,,,,,3293
-1,-0.5,5e-04,0.001,0.005,5e-04,0.2,0.2,non-finite finite-difference value [2],,,,,,,,,,,,718
-2,-3,0.005,0.001,0.005,0.001,0.2,0.2,,-0.905596352239601,-4.35241246576212,0.000781072076627855,0.00177863202120195,0.042451433615484,-0.00473821073916995,0.314906503861905,0.240494664509425,0,119.635033860892,-38.5254770138926,1637
-0.5,-3,5e-04,0.001,5e-04,0.001,0.2,0.2,non-finite finite-difference value [2],,,,,,,,,,,,3271
-2,-0.5,0.001,0.001,0.001,0.001,0.2,0.2,non-finite finite-difference value [2],,,,,,,,,,,,3965
-0.5,-5,0.001,5e-04,0.001,0.001,0.2,0.2,,-0.742690851012129,-6.31833637258049,0.000815023656767422,0.00206057659370213,0.261658186424237,-0.0323182757037483,0.28935126948125,0.24030462313218,0,119.491838413505,-38.4538792901991,3891
-2,-0.5,5e-04,0.001,5e-04,0.001,0.2,0.2,,-0.799725656616863,-2.89799084211092,0.000786840580231752,0.00184866113147923,0.00674240854135946,-0.000395436588962344,0.284432056674636,0.302388177116123,0,140.939320669727,-49.1776204183098,1101
-1,-3,5e-04,0.005,0.001,0.001,0.2,0.2,non-finite finite-difference value [2],,,,,,,,,,,,1926
0.5,-3,0.005,5e-04,0.005,0.001,0.2,0.2,non-finite finite-difference value [2],,,,,,,,,,,,1576
0.5,-1,0.005,0.005,5e-04,0.001,0.2,0.2,non-finite finite-difference value [2],,,,,,,,,,,,3244
0.5,-5,0.005,5e-04,0.001,0.001,0.2,0.2,non-finite finite-difference value [2],,,,,,,,,,,,3876
-1,-1,5e-04,0.005,0.001,0.001,0.2,0.2,non-finite finite-difference value [2],,,,,,,,,,,,3466
-0.5,-5,0.001,0.001,0.001,0.005,0.2,0.2,,-0.730774215542106,-6.11650744250998,0.000543796433093128,0.00267758582118608,0.218075778162152,-0.0341065067565106,0.273968115075797,0.239563593466643,0,91.1471000749419,-24.2815101209173,2515
-2,-0.5,0.005,0.005,0.001,5e-04,0.2,0.2,,-1.38596514919766,-6.22643337958396,0.000590984962960589,0.000357413279516491,0.508938716713511,-0.051870340260132,0.340086693705721,0.236973889774161,0,178.441889600511,-67.928904883702,941
-0.5,-3,0.005,5e-04,0.001,5e-04,0.2,0.2,non-finite finite-difference value [2],,,,,,,,,,,,295
-0.5,-1,0.001,0.001,0.001,0.005,0.2,0.2,,-1.53843345811224,-4.57373199300089,0.000535519907490452,0.00263305932090951,0.0382531484063268,-0.00584131768374248,0.370494238858226,0.24579821534227,0,172.312820643527,-64.86437040521,2395
-2,-3,0.001,5e-04,0.005,0.001,0.2,0.2,non-finite finite-difference value [2],,,,,,,,,,,,3637
-2,-0.5,5e-04,0.005,0.005,0.001,0.2,0.2,non-finite finite-difference value [2],,,,,,,,,,,,3725
0.5,-5,0.001,0.001,0.001,5e-04,0.2,0.2,non-finite finite-difference value [2],,,,,,,,,,,,372
-2,-3,0.001,5e-04,5e-04,0.005,0.2,0.2,non-finite finite-difference value [2],,,,,,,,,,,,2069
-0.5,-3,0.001,0.005,0.005,5e-04,0.2,0.2,non-finite finite-difference value [2],,,,,,,,,,,,663
-1,-0.5,0.001,5e-04,0.005,0.001,0.2,0.2,non-finite finite-difference value [2],,,,,,,,,,,,1566
0.5,-1,0.005,0.001,0.001,5e-04,0.2,0.2,,-0.649588538397909,-1.96245278155147,0.000823742503279107,0.00221897046439883,0.00590732447915673,5.81292326793659e-05,0.200304546502509,0.241376022369966,0,239.182409429201,-98.2991647980469,364
0.5,-5,0.005,5e-04,5e-04,0.001,0.2,0.2,,-0.700333223585131,-5.76085044898436,0.000802132907314042,0.0017586050171762,0.0152220483321039,-0.0124500874494614,0.175763248323801,0.281086396922699,0,295.30920828535,-126.362564226121,3108
-0.5,-5,0.001,0.001,0.001,0.001,0.2,0.2,,-0.744408998402685,-6.31314642704232,0.000815814213161908,0.00205359682351799,0.26037084296233,-0.0324466202374066,0.289446030540626,0.240240018630878,0,119.496600610864,-38.4562603888786,3571
0.5,-5,5e-04,5e-04,5e-04,0.005,0.2,0.2,non-finite finite-difference value [2],,,,,,,,,,,,2052
-1,-0.5,0.001,0.001,5e-04,0.001,0.2,0.2,non-finite finite-difference value [2],,,,,,,,,,,,1246
-0.5,-5,0.005,5e-04,0.001,0.005,0.2,0.2,,-0.649856317121916,-8.18962722098133,0.000696312973732529,0.00234579601109798,2.10325734223686,-0.234112816472091,0.196078557115188,0.216522822758028,0,182.522878012819,-69.969399089856,2851
0.5,-0.5,0.001,0.001,0.001,0.001,0.2,0.2,,-0.896154771373239,-4.45571595061407,0.000698511758419489,0.00166373539897528,-0.00460513402296663,-0.00226601631808613,0.316212070529886,0.260247504065956,0,142.83274055646,-50.1243303616763,4064
-2,-3,5e-04,5e-04,0.005,0.005,0.2,0.2,non-finite finite-difference value [2],,,,,,,,,,,,2565
-0.5,-5,0.001,0.005,0.001,0.001,0.2,0.2,,-0.74608611830697,-6.32421126606058,0.000816199069343567,0.00205215823069176,0.256138996995901,-0.0338005079786674,0.288333500872322,0.239888514257997,0,119.230144368184,-38.3230322675386,3507
-2,-0.5,0.005,0.005,0.001,0.001,0.2,0.2,,-0.888953823483126,-2.97172907702005,0.000518420281047058,0.00177724906654192,0.00682142572870683,-0.000816941079394088,0.320187303580943,0.252611820236857,0,114.325683941197,-35.870802054045,4013
0.5,-3,0.001,0.005,0.001,0.005,0.2,0.2,,-0.920798089615456,-6.41672120080729,0.000581609827921619,0.00301431883696377,0.0975484133433942,-0.0402851122382546,0.264569064447101,0.254081160510457,0,129.908660100662,-43.6622901337771,2968
-2,-5,0.001,0.001,0.001,5e-04,0.2,0.2,non-finite finite-difference value [2],,,,,,,,,,,,369
0.5,-5,0.001,0.001,0.001,0.005,0.2,0.2,,-0.78299313726342,-5.44411243589971,0.000828801914050043,0.00214703786191687,0.118227164973926,-0.0227415979836356,0.30207491749769,0.23717884017375,0,120.890339128988,-39.1531296479406,3060
-1,-0.5,5e-04,0.001,0.001,5e-04,0.2,0.2,non-finite finite-difference value [5],,,,,,,,,,,,846
0.5,-1,5e-04,0.001,5e-04,5e-04,0.2,0.2,non-finite finite-difference value [2],,,,,,,,,,,,204
-1,-5,0.001,0.001,0.005,0.005,0.2,0.2,,-0.864849804182483,-4.96984531655612,0.000411364723189012,0.00423728136539553,0.099631044846571,0.000799491618221571,0.290856471848473,0.217041291242999,0,183.100083623349,-70.258001895121,2802
0.5,-1,0.001,0.005,0.005,5e-04,0.2,0.2,,0.499984234938334,-0.999999594478348,0.000943720908045744,0.00297100513585675,0.00540433226427081,0.000738345069803843,0.200101017528237,0.200011845341892,0,2445.69328454228,-1201.55460235459,700
-1,-0.5,0.001,5e-04,0.001,5e-04,0.2,0.2,,-0.668908342988329,-3.95553914070218,0.000580083746275899,0.002320803770586,0.0312474103768841,-0.0030490364023783,0.283155843572707,0.233163647078578,0,92.4124704937898,-24.9141953303413,286
-2,-0.5,5e-04,5e-04,0.001,0.005,0.2,0.2,,-0.814799002250322,-4.42694781009361,0.000679981023908983,0.00237444039631198,0.0365516872560567,-0.00617360881852012,0.306737019925501,0.240252937726573,0,105.474356836673,-31.4451385017827,2317
-1,-0.5,0.001,0.005,5e-04,0.001,0.2,0.2,non-finite finite-difference value [2],,,,,,,,,,,,3262
-2,-5,0.001,0.001,0.001,0.005,0.2,0.2,non-finite finite-difference value [2],,,,,,,,,,,,2897
-0.5,-3,0.001,0.001,0.001,0.001,0.2,0.2,,-0.787055068339214,-3.56991910449126,0.000823780537904042,0.0019489378662661,0.0179561217248623,-0.00229585763892539,0.294547591816828,0.23841424210833,0,120.537300881015,-38.9766105239539,2039
-2,-1,0.001,0.001,0.005,0.005,0.2,0.2,,-0.649805682744878,-7.06845625504804,0.000666633759158725,0.00197979009395108,0.570467286846167,-0.0991919820340549,0.272645432563752,0.248857997684312,0,99.6674216625625,-28.5416709147276,2681
-0.5,-3,0.001,0.001,0.001,0.001,0.2,0.2,,-0.787055068339214,-3.56991910449126,0.000823780537904042,0.0019489378662661,0.0179561217248623,-0.00229585763892539,0.294547591816828,0.23841424210833,0,120.537300881015,-38.9766105239539,1367
0.5,-3,0.001,0.001,0.001,5e-04,0.2,0.2,non-finite finite-difference value [2],,,,,,,,,,,,1016
-1,-3,0.001,0.005,0.001,0.001,0.2,0.2,,-0.751869444723257,-3.38395206146442,0.000786712902050801,0.00211690159502252,0.011092751513322,-0.00188356328026069,0.291299017190908,0.24746493496612,0,119.507540143587,-38.4617301552397,3478
-1,-1,0.001,0.001,5e-04,0.001,0.2,0.2,,-0.88017451193045,-2.60633248261828,0.0004896301606296,0.00206231090457341,0.00894628915732994,-0.000464140904214216,0.29234131985093,0.245980971041487,0,104.464668714794,-30.9402944408432,1242
-1,-0.5,5e-04,0.001,0.005,0.005,0.2,0.2,,-39.0827276243231,-167.155999136089,9.75729031286998,109.635190874916,7.5692778052569,30.2369853865716,0.426777897926081,0.258662476844418,0,302.579430550489,-129.997675358691,2638
-2,-5,0.001,0.001,5e-04,0.001,0.2,0.2,non-finite finite-difference value [2],,,,,,,,,,,,3185
-1,-0.5,0.005,0.001,0.005,0.005,0.2,0.2,,-1.25435331314496,-5.46904660852344,0.000562295696500271,0.00434177877430921,0.109120261520552,-0.0164630484069801,0.384748551315069,0.243644842272234,0,177.923717050808,-67.6698186088503,2798
-0.5,-1,0.001,0.005,0.005,0.001,0.2,0.2,non-finite finite-difference value [2],,,,,,,,,,,,1691
0.5,-5,5e-04,0.005,0.005,5e-04,0.2,0.2,non-finite finite-difference value [2],,,,,,,,,,,,644
-0.5,-0.5,5e-04,0.005,0.005,0.005,0.2,0.2,non-finite finite-difference value [2],,,,,,,,,,,,2703
0.5,-3,0.005,5e-04,0.001,5e-04,0.2,0.2,non-finite finite-difference value [2],,,,,,,,,,,,808
0.5,-3,0.005,0.001,0.001,0.001,0.2,0.2,non-finite finite-difference value [2],,,,,,,,,,,,4072
-2,-5,0.005,0.001,0.001,0.001,0.2,0.2,,-0.90009048076537,-5.09548615590161,0.000772816194126911,0.00184887060664306,0.0719988377251469,-0.0117375354148825,0.315752732189277,0.241912069258079,0,117.042553394168,-37.2292367805303,3553
0.5,-0.5,0.001,0.001,0.005,0.001,0.2,0.2,non-finite finite-difference value [2],,,,,,,,,,,,3808
-1,-3,5e-04,0.001,0.001,0.005,0.2,0.2,,-0.798482818470064,-3.26239899122705,0.000833392387853323,0.00170156593883682,0.0143486888981933,-0.00160501604760568,0.30367207161002,0.239428399214795,0,123.958782455262,-40.6873513110772,2502
-1,-1,0.005,5e-04,0.001,0.001,0.2,0.2,,-0.705842302882334,-5.01901794074071,0.000849591573836532,0.00186259478754793,0.00141084321878152,-0.0016038773766965,0.257311959939479,0.259949295527126,0,162.350907771348,-59.8834139691203,3882
-2,-5,0.001,5e-04,0.005,0.005,0.2,0.2,,-0.874488677335304,-5.34368702191509,0.000718076247311394,0.00136922819469865,0.0786567525385429,-0.0196146687874572,0.294157470811722,0.236873613590744,0,112.377795260778,-34.8968577138355,2577
0.5,-5,0.001,0.005,0.001,5e-04,0.2,0.2,,-0.762045365540448,-18.955011553237,0.00050373414225183,0.00236332503337558,1.48242072615083,-3.19036554532286,0.250493127334601,0.219863718583842,0,137.36513411232,-47.3905271396065,436
-2,-5,0.001,5e-04,0.001,5e-04,0.2,0.2,non-finite finite-difference value [2],,,,,,,,,,,,785
-1,-0.5,5e-04,5e-04,0.001,5e-04,0.2,0.2,non-finite finite-difference value [2],,,,,,,,,,,,782
-0.5,-1,0.005,5e-04,0.001,0.001,0.2,0.2,,-0.68375433629535,-1.83006828766914,0.000690311400628012,0.00159527017687757,0.00441413451978254,0.000709030853342649,0.172734901573403,0.264840244181471,0,318.601066345048,-138.00849325597,1323
-1,-3,0.001,0.005,0.001,5e-04,0.2,0.2,,-0.781199136788173,-3.61375839743052,0.000734473028965239,0.00203529110297215,0.0145439025673004,-0.00276932231315279,0.29151341879133,0.240006587875446,0,110.050027840828,-33.7329740038602,438
-1,-3,0.001,5e-04,0.005,0.001,0.2,0.2,non-finite finite-difference value [2],,,,,,,,,,,,3606
-1,-3,0.001,0.001,5e-04,5e-04,0.2,0.2,,-0.772982060137183,-3.54167216298423,0.0008157088777507,0.00192821136977831,0.0172397382049594,-0.00214699656687515,0.297675849714597,0.23925692776819,0,119.46287263784,-38.4393964023662,246
-0.5,-5,0.005,0.005,0.005,0.005,0.2,0.2,non-finite finite-difference value [2],,,,,,,,,,,,2723
0.5,-0.5,0.005,0.005,0.005,0.005,0.2,0.2,,-0.881768467437954,-2.74599918622116,0.000779595467248853,0.00209182341468362,0.00987134967735313,-1.56951003362333e-05,0.299275182578668,0.24404295770971,0,129.618214102636,-43.5170671347644,2736
-0.5,-1,5e-04,0.005,0.001,0.005,0.2,0.2,non-finite finite-difference value [2],,,,,,,,,,,,2955
-2,-5,5e-04,0.005,0.005,5e-04,0.2,0.2,non-finite finite-difference value [2],,,,,,,,,,,,641
-1,-3,0.005,5e-04,0.001,0.005,0.2,0.2,,-0.72283878286855,-3.58715890954931,0.00064561393682268,0.0021133716244041,0.00954230235379455,-0.00310976754362251,0.232608736906392,0.24533574932984,0,121.968098817426,-39.6920094921594,2854
-0.5,-0.5,0.005,0.001,5e-04,5e-04,0.2,0.2,non-finite finite-difference value [2],,,,,,,,,,,,111
-0.5,-5,0.005,5e-04,0.001,0.001,0.2,0.2,,-0.716007966366153,-5.62558422312997,0.000776888499332687,0.00222558052882461,0.107422914684437,-0.0215810454098097,0.194847364262119,0.223356552426992,0,202.660659118459,-80.0382896426758,1315
-2,-3,5e-04,0.001,0.001,5e-04,0.2,0.2,non-finite finite-difference value [2],,,,,,,,,,,,965
0.5,-5,0.001,0.001,5e-04,0.005,0.2,0.2,,-0.25059512335072,-9.73581044019833,0.000844039305754081,0.00152408734860009,8.20757222277149,-2.95157522051407,0.408477535188741,0.238082595189296,0,228.943468485052,-93.1796943259721,2132
-0.5,-1,0.001,0.001,5e-04,0.005,0.2,0.2,,-0.749891259452991,-3.93341045334739,0.000709197763463447,0.00193793745778532,0.0195541963982505,-0.00453253709876835,0.295583860967593,0.238978403014604,0,106.874298024259,-32.145109095576,2139
-2,-5,0.001,0.005,0.001,0.005,0.2,0.2,non-finite finite-difference value [2],,,,,,,,,,,,2449
0.5,-0.5,0.005,0.005,0.001,0.001,0.2,0.2,,-1.9690182692015,-9.63379916109409,0.000513458891446224,0.000870167971903002,7.20283329265315,-1.09937332080418,0.356922312925703,0.234415873281705,0,196.41675599018,-76.9163380785364,4016
-0.5,-1,0.005,0.001,5e-04,0.001,0.2,0.2,non-finite finite-difference value [2],,,,,,,,,,,,1131
-0.5,-3,0.005,0.005,0.005,0.001,0.2,0.2,non-finite finite-difference value [2],,,,,,,,,,,,1703
0.5,-1,0.001,0.005,0.001,0.005,0.2,0.2,non-finite finite-difference value [2],,,,,,,,,,,,2492
-0.5,-5,0.001,0.005,5e-04,0.001,0.2,0.2,non-finite finite-difference value [2],,,,,,,,,,,,3219
-1,-3,0.001,0.001,0.005,5e-04,0.2,0.2,non-finite finite-difference value [2],,,,,,,,,,,,598
-2,-0.5,0.005,0.005,0.001,5e-04,0.2,0.2,,-1.38596514919766,-6.22643337958396,0.000590984962960589,0.000357413279516491,0.508938716713511,-0.051870340260132,0.340086693705721,0.236973889774161,0,178.441889600511,-67.928904883702,429
0.5,-5,5e-04,0.001,0.001,5e-04,0.2,0.2,non-finite finite-difference value [2],,,,,,,,,,,,964
-2,-5,5e-04,0.001,0.001,5e-04,0.2,0.2,,-2,-5,0.000500000000000306,0.000999999999999949,0.00100000000000001,0.000499999999999944,0.2,0.2,0,478.842477095526,-218.129198631209,961
-1,-5,5e-04,0.005,0.001,0.001,0.2,0.2,,-0.689205181924737,-4.96428339660361,0.000548984011921936,0.00177519630357549,0.0838465237296555,-0.000395314435145766,0.244640616121259,0.241845189589819,0,121.737752269209,-39.576836218051,1922
-2,-1,0.001,0.001,0.001,0.001,0.2,0.2,non-finite finite-difference value [2],,,,,,,,,,,,1497
-1,-3,5e-04,0.001,0.005,0.001,0.2,0.2,,-1,-3,0.000500000000000206,0.00499999999999991,0.00100000000000001,0.000999999999999981,0.2,0.2,0,541.582818081029,-249.499369123961,1606
-2,-0.5,0.001,0.005,0.001,0.005,0.2,0.2,non-finite finite-difference value [2],,,,,,,,,,,,2493
-2,-5,5e-04,5e-04,5e-04,0.001,0.2,0.2,,-0.800550978620056,-7.23322870550439,0.000819716932608103,0.00186550437625932,0.469614637087776,0.00132660681605778,0.290862955669371,0.249367606604134,0,136.883093008396,-47.1495065876445,3073
-0.5,-0.5,0.005,0.005,0.001,0.005,0.2,0.2,,-0.790707339515018,-9.90486670759774,0.00078108446844189,0.00187280620678164,5.90358708278177,-2.07851553967456,0.31357593338623,0.245010723541187,0,118.642768861249,-38.0293445140711,2479
0.5,-3,0.005,0.001,0.005,5e-04,0.2,0.2,non-finite finite-difference value [2],,,,,,,,,,,,616
0.5,-3,0.001,0.001,0.001,5e-04,0.2,0.2,non-finite finite-difference value [2],,,,,,,,,,,,984
-1,-0.5,5e-04,0.001,5e-04,0.001,0.2,0.2,non-finite finite-difference value [2],,,,,,,,,,,,1230
-0.5,-1,0.005,5e-04,0.001,0.001,0.2,0.2,,-0.68375433629535,-1.83006828766914,0.000690311400628012,0.00159527017687757,0.00441413451978254,0.000709030853342649,0.172734901573403,0.264840244181471,0,318.601066345048,-138.00849325597,3371
0.5,-5,0.001,5e-04,0.005,0.005,0.2,0.2,,-29.7697683079902,-29.0377112073118,0.485359531605805,0.362187617790986,31.0007699331192,-19.9375588561357,0.426775185447764,0.258663280968394,0,302.579428103316,-129.997674135104,2612
-1,-0.5,0.005,0.001,0.001,0.001,0.2,0.2,non-finite finite-difference value [2],,,,,,,,,,,,4078
-2,-0.5,0.001,0.001,0.005,5e-04,0.2,0.2,,-21.5322693694752,-7.87983079201259,-0.00476137735707229,-0.0177928894159611,1.17153390941219,-0.194518467979164,0.426775753535687,0.239070777394101,0,270.305087576787,-113.86050387184,605
-1,-1,0.001,0.001,0.001,0.001,0.2,0.2,,-0.675487342154229,-6.59972049113975,0.000536370026365991,0.00214985530056042,0.280350869868501,-0.0707303589866838,0.273727297034997,0.234424060294602,0,89.2502551189954,-23.3330876429441,1882
-0.5,-3,5e-04,0.001,0.005,5e-04,0.2,0.2,non-finite finite-difference value [2],,,,,,,,,,,,711
-0.5,-5,0.001,0.001,0.005,5e-04,0.2,0.2,non-finite finite-difference value [2],,,,,,,,,,,,627
-1,-1,0.005,5e-04,5e-04,5e-04,0.2,0.2,,-0.773277613528737,-2.91600324287027,0.000817987732675558,0.00187582542107985,0.00679454772295372,2.67548454351564e-05,0.301831462953525,0.249212696138033,0,134.65690783261,-46.0364139997512,42
-2,-1,0.005,5e-04,0.001,5e-04,0.2,0.2,,-0.795213111298418,-5.99758049268007,0.000807400949932823,0.00149708712181958,-0.0139565829148317,0.000403703571675278,0.3022807394594,0.26579428962028,0,152.642760554786,-55.0293403608391,297
-0.5,-3,5e-04,5e-04,0.001,0.005,0.2,0.2,non-finite finite-difference value [2],,,,,,,,,,,,2823
-2,-1,0.001,0.001,0.005,5e-04,0.2,0.2,,-0.760758919651663,-3.1984129407231,0.000814411427786885,0.00192920912488206,0.00706456727552037,-0.00102687344354443,0.286041224503149,0.243152371159197,0,129.113660572039,-43.2647903694658,729
0.5,-5,0.001,5e-04,5e-04,0.001,0.2,0.2,,-11.454913011152,-9.53572421014688,1.01204853961289,-33.7714830632362,6.28612823929617,-1.03174089016828,0.42208300106623,0.238937351412742,0,265.521795951461,-111.468858059177,1044
0.5,-5,0.001,0.001,0.005,5e-04,0.2,0.2,,-18.4725157367838,-24.1859195709112,62.724867552078,5.93524941638273,8.70093047889464,1.97268334895691,0.426797120977101,0.258650796434005,0,302.590995542984,-130.003457854938,628
-2,-5,0.001,0.001,0.001,0.001,0.2,0.2,,-0.850711566296766,-6.55895881459926,0.000771423214817051,0.00199129078837031,0.377758723284451,-0.00334908883488822,0.295255880310152,0.238506996412219,0,133.499849548733,-45.4578848578128,3569
-2,-3,5e-04,0.001,0.001,0.001,0.2,0.2,non-finite finite-difference value [2],,,,,,,,,,,,1989
0.5,-3,0.005,0.005,0.005,5e-04,0.2,0.2,non-finite finite-difference value [2],,,,,,,,,,,,680
-2,-3,0.001,0.005,0.001,0.001,0.2,0.2,non-finite finite-difference value [2],,,,,,,,,,,,3989
-2,-0.5,0.001,5e-04,0.005,0.005,0.2,0.2,non-finite finite-difference value [2],,,,,,,,,,,,2589
-0.5,-0.5,5e-04,5e-04,0.001,0.001,0.2,0.2,non-finite finite-difference value [2],,,,,,,,,,,,3855
-2,-0.5,0.001,0.001,0.001,0.001,0.2,0.2,non-finite finite-difference value [2],,,,,,,,,,,,4093
-2,-3,0.001,0.001,5e-04,0.001,0.2,0.2,,-0.740210632330874,-4.42805338043828,0.000497954404678854,0.00224868904271795,0.0373084903340272,-0.00638611344855532,0.259595308502319,0.237035260265074,0,87.9381873600575,-22.6770537634751,3317
-2,-3,0.005,0.005,5e-04,5e-04,0.2,0.2,non-finite finite-difference value [2],,,,,,,,,,,,165
-0.5,-1,0.001,0.001,0.001,0.001,0.2,0.2,,-0.510302637311654,-1.01488744114123,0.000912035727227562,0.00141771471188837,0.00208718082251727,0.000462659692169488,0.311722484243455,0.309205087776391,0,329.392828278749,-143.404374222821,1499
-1,-3,0.001,5e-04,0.001,0.005,0.2,0.2,,-0.723612148157317,-3.17869405510288,0.000807751592152781,0.00198444412496844,0.0122570308315789,-0.00147288820020093,0.299002882244171,0.247397857572685,0,120.973654623112,-39.1947873950026,2358
-2,-0.5,5e-04,0.005,0.005,5e-04,0.2,0.2,non-finite finite-difference value [2],,,,,,,,,,,,653
-1,-1,5e-04,0.001,0.001,5e-04,0.2,0.2,non-finite finite-difference value [2],,,,,,,,,,,,458
-1,-0.5,0.005,5e-04,0.001,0.001,0.2,0.2,non-finite finite-difference value [2],,,,,,,,,,,,3886
-1,-3,0.001,0.001,5e-04,0.001,0.2,0.2,,-0.801448013497788,-3.47978638809207,0.000456684130004764,0.00185764682835111,0.0162652380049017,-0.00207210718645168,0.300961980454422,0.238389065649988,0,96.8313005065863,-27.1236103367395,3158
-1,-5,0.005,0.001,0.005,0.005,0.2,0.2,,-0.703440243707628,-5.0481209291085,0.000631272605767795,0.000946413630036733,0.0600943522733864,-0.032950267811976,0.212455547253254,0.278368214317607,0,233.514621458612,-95.4652708127523,2658
0.5,-0.5,0.005,5e-04,5e-04,0.001,0.2,0.2,,-0.857825454099456,-5.38074237787926,0.000771773637396306,0.00194267841383133,0.110474966978021,-0.0134074281265263,0.293135466938932,0.243939652772167,0,114.275309792687,-35.8456149797899,1072
-1,-5,0.001,0.005,5e-04,0.001,0.2,0.2,,-0.757442733513793,-5.83916074004351,0.000783795266519576,0.00147552984984448,0.130320969448994,-0.0333913751012368,0.278521528316376,0.243633778283902,0,118.281847402398,-37.8488837846453,1202
0.5,-0.5,0.001,0.001,0.001,0.005,0.2,0.2,,-18.1998326070866,-36.7393866641256,5.84175381851225,-2.09790059524089,-72.8840284532367,113.925997347377,287.752174547792,0.258145293358851,0,2768.15804115909,-1362.78698066299,2528
-1,-0.5,0.001,0.005,0.005,0.001,0.2,0.2,non-finite finite-difference value [2],,,,,,,,,,,,1694
-1,-3,0.005,0.005,0.001,0.001,0.2,0.2,,-0.448916020653104,-3.86405242831227,0.000737255343216562,0.00179494219565853,0.011751794089398,-0.000249460093820368,0.243078667067575,0.252748275493425,0,173.640606119422,-65.5282631431575,1446
-0.5,-5,0.001,0.001,0.001,0.001,0.2,0.2,,-0.744408998402685,-6.31314642704232,0.000815814213161908,0.00205359682351799,0.26037084296233,-0.0324466202374066,0.289446030540626,0.240240018630878,0,119.496600610864,-38.4562603888786,1491
-0.5,-5,5e-04,5e-04,5e-04,0.005,0.2,0.2,non-finite finite-difference value [2],,,,,,,,,,,,2051
-0.5,-3,0.005,5e-04,0.001,5e-04,0.2,0.2,non-finite finite-difference value [2],,,,,,,,,,,,807
-0.5,-3,5e-04,0.005,0.005,5e-04,0.2,0.2,non-finite finite-difference value [2],,,,,,,,,,,,647
-2,-1,0.005,5e-04,0.005,0.005,0.2,0.2,,-0.641220396104274,-3.10238273242451,0.000596782936056095,0.00251826917526347,0.0108527061631234,-0.00089529795447675,0.248057816811281,0.269035291981868,0,108.543680092029,-32.9798001294608,2601
0.5,-5,0.001,0.001,0.005,0.001,0.2,0.2,,-23.905581732145,-10.2054272083057,54.3933920330551,5.62419609249644,11.9532695678442,-1.99419131167682,0.426776407790486,0.239077046550984,0,270.29789652502,-113.856908345957,1780
-2,-5,5e-04,0.001,5e-04,5e-04,0.2,0.2,,-1.56522476931567,-4.83651485516839,0.000445736608064531,0.00204968153392522,0.0411321331375761,-0.00392862455368805,0.244898903435044,0.216267167821952,0,221.687081029604,-89.5515005982483,65
-0.5,-0.5,0.001,0.001,0.005,0.001,0.2,0.2,non-finite finite-difference value [2],,,,,,,,,,,,1663
-1,-3,0.001,0.001,5e-04,0.001,0.2,0.2,,-0.801448013497788,-3.47978638809207,0.000456684130004764,0.00185764682835111,0.0162652380049017,-0.00207210718645168,0.300961980454422,0.238389065649988,0,96.8313005065863,-27.1236103367395,1142
-0.5,-3,0.001,5e-04,5e-04,0.005,0.2,0.2,,-0.5,-3,0.00100000000000015,0.0005000000000001,0.000500000000000002,0.00499999999999995,0.2,0.2,0,801.819868813378,-379.617894490136,2071
-1,-3,0.001,0.001,0.001,0.001,0.2,0.2,,-0.667770177488443,-3.73434090061438,0.000687862569110677,0.00197242669665908,0.0156403564550605,-0.00309292497563972,0.275852098501124,0.246765617671073,0,104.673331502443,-31.044625834668,3446
-1,-5,5e-04,0.001,0.001,0.001,0.2,0.2,,-0.64746420272428,-4.92832784653559,0.000559005300523749,0.0019030024784617,0.0859423551848678,-0.000441486559783812,0.239674970676262,0.245268177622714,0,124.534473980921,-40.9751970739068,3394
-0.5,-5,5e-04,0.005,0.001,0.001,0.2,0.2,non-finite finite-difference value [2],,,,,,,,,,,,1411
-0.5,-1,5e-04,0.001,0.005,5e-04,0.2,0.2,non-finite finite-difference value [2],,,,,,,,,,,,715
-0.5,-5,0.001,0.001,0.001,0.001,0.2,0.2,,-0.744408998402685,-6.31314642704232,0.000815814213161908,0.00205359682351799,0.26037084296233,-0.0324466202374066,0.289446030540626,0.240240018630878,0,119.496600610864,-38.4562603888786,3411
0.5,-3,0.001,0.001,0.001,0.001,0.2,0.2,non-finite finite-difference value [2],,,,,,,,,,,,1880
-1,-5,0.001,5e-04,0.005,0.001,0.2,0.2,non-finite finite-difference value [2],,,,,,,,,,,,3602
-0.5,-5,0.001,0.001,0.001,0.005,0.2,0.2,,-0.730774215542106,-6.11650744250998,0.000543796433093128,0.00267758582118608,0.218075778162152,-0.0341065067565106,0.273968115075797,0.239563593466643,0,91.1471000749419,-24.2815101209173,2931
0.5,-3,0.001,5e-04,0.005,0.005,0.2,0.2,non-finite finite-difference value [2],,,,,,,,,,,,2584
-2,-3,0.001,5e-04,0.005,0.001,0.2,0.2,non-finite finite-difference value [2],,,,,,,,,,,,1589
-2,-0.5,0.001,0.001,5e-04,0.001,0.2,0.2,non-finite finite-difference value [2],,,,,,,,,,,,1149
-2,-0.5,5e-04,0.001,0.001,0.001,0.2,0.2,non-finite finite-difference value [2],,,,,,,,,,,,3405
-1,-3,5e-04,5e-04,5e-04,5e-04,0.2,0.2,non-finite finite-difference value [2],,,,,,,,,,,,6
0.5,-0.5,0.001,0.005,0.001,5e-04,0.2,0.2,non-finite finite-difference value [2],,,,,,,,,,,,928
-2,-5,0.001,5e-04,0.005,5e-04,0.2,0.2,non-finite finite-difference value [2],,,,,,,,,,,,529
0.5,-5,0.001,0.005,5e-04,5e-04,0.2,0.2,,-0.65967898847244,-9.30428800417123,0.000753187882758049,0.00117286728408074,5.72191674284873,-1.10588803738257,0.289657889868787,0.235831619478381,0,126.978573218586,-42.1972466927396,180
0.5,-1,0.001,0.001,5e-04,0.001,0.2,0.2,,-0.942026562740226,-5.046844296207,0.00081129100811538,0.00155896573983802,-0.0121291354080802,0.00247578061371464,0.334020573169605,0.273266270526766,0,171.09316553819,-64.2545428525414,1148
-0.5,-0.5,5e-04,0.001,0.005,5e-04,0.2,0.2,non-finite finite-difference value [2],,,,,,,,,,,,719
0.5,-5,0.001,0.005,5e-04,0.001,0.2,0.2,,-9.9057039125951,-9.5983772858708,0.216164433291799,-7.18528717229582,6.69234064760014,-1.09841215580183,0.42206674880519,0.238924646015565,0,265.502205573541,-111.459062870217,3252
-1,-3,5e-04,0.001,5e-04,5e-04,0.2,0.2,non-finite finite-difference value [2],,,,,,,,,,,,198
-1,-3,0.005,5e-04,0.001,0.001,0.2,0.2,,-0.577871302304781,-2.93206614017086,0.000750624434271982,0.00179487529099518,0.0100349984638437,-0.000479664539058808,0.232348627266508,0.212050574494081,0,159.919547931504,-58.6677340491982,3366
-2,-3,5e-04,0.005,0.005,0.001,0.2,0.2,non-finite finite-difference value [2],,,,,,,,,,,,1669
-2,-0.5,0.005,0.005,5e-04,0.005,0.2,0.2,non-finite finite-difference value [2],,,,,,,,,,,,2221
-1,-5,0.001,0.001,0.001,0.001,0.2,0.2,,-0.759393145796313,-5.53305728580809,0.000769261032293023,0.00225452606730789,0.114645594514381,-0.0244159365681987,0.305995394851024,0.238299269549253,0,113.33658941554,-35.3762547912166,3410
0.5,-5,0.005,0.001,0.001,0.005,0.2,0.2,non-finite finite-difference value [2],,,,,,,,,,,,3044
-1,-5,0.001,0.001,0.001,0.001,0.2,0.2,,-0.759393145796313,-5.53305728580809,0.000769261032293023,0.00225452606730789,0.114645594514381,-0.0244159365681987,0.305995394851024,0.238299269549253,0,113.33658941554,-35.3762547912166,4050
-1,-5,0.001,5e-04,5e-04,0.001,0.2,0.2,,-0.772696801598771,-5.92602622183845,0.00077397754486244,0.00146383847059528,0.140537246069421,-0.034364784893031,0.273721865445047,0.244563197586022,0,117.29224113895,-37.3540806529216,1074
0.5,-3,5e-04,0.005,5e-04,0.001,0.2,0.2,non-finite finite-difference value [2],,,,,,,,,,,,3208
-2,-0.5,0.005,5e-04,0.005,5e-04,0.2,0.2,,-0.816844604341424,-4.67638169823055,0.00080679334917944,0.00166801938958787,-0.00515979095153912,-0.00130593883786711,0.292982414667185,0.262889858242359,0,150.265624359239,-53.8407722630659,557
-0.5,-5,0.005,0.001,0.001,5e-04,0.2,0.2,,-0.672183080498192,-5.54952580396316,0.0007486882932567,0.00225350769979708,0.0998385079193651,-0.0179892201974697,0.197375635175297,0.224063883741224,0,189.034258293348,-73.2250892301203,995
-0.5,-3,0.001,0.001,0.001,0.001,0.2,0.2,,-0.787055068339214,-3.56991910449126,0.000823780537904042,0.0019489378662661,0.0179561217248623,-0.00229585763892539,0.294547591816828,0.23841424210833,0,120.537300881015,-38.9766105239539,3415
0.5,-1,0.001,0.005,0.001,0.001,0.2,0.2,,-0.8298308237321,-5.10433047296653,0.000471055424590572,0.00376110305691894,0.0699460171036058,-0.0112361416509347,0.298860241294149,0.254267778447318,0,129.339777799738,-43.3778489833156,4028
-2,-0.5,5e-04,0.001,0.001,0.001,0.2,0.2,non-finite finite-difference value [2],,,,,,,,,,,,1357
-1,-3,0.001,5e-04,0.001,5e-04,0.2,0.2,,-0.688735857844757,-3.81564430257639,0.000744078679017795,0.00224627480959856,0.0234211020065269,-0.0027191696335166,0.274805294261768,0.250130239408609,0,111.124413480065,-34.2701668234789,310
-1,-3,0.001,5e-04,0.001,0.005,0.2,0.2,,-0.723612148157317,-3.17869405510288,0.000807751592152781,0.00198444412496844,0.0122570308315789,-0.00147288820020093,0.299002882244171,0.247397857572685,0,120.973654623112,-39.1947873950026,2326
-2,-5,5e-04,0.005,0.001,0.001,0.2,0.2,,-2,-5,0.000500000000000311,0.000999999999999949,0.00500000000000001,0.00099999999999994,0.2,0.2,0,477.502149928811,-217.459035047852,3969
-2,-5,0.005,0.001,0.001,0.005,0.2,0.2,,-0.840624713569824,-6.8254556107185,0.00074668049324565,0.00193740445359037,0.0812403369497041,-0.0240905281847991,0.318439356235153,0.252935514658167,0,131.004554497473,-44.2102373321826,2913
-1,-5,0.001,0.005,5e-04,0.001,0.2,0.2,,-0.757442733513793,-5.83916074004351,0.000783795266519576,0.00147552984984448,0.130320969448994,-0.0333913751012368,0.278521528316376,0.243633778283902,0,118.281847402398,-37.8488837846453,1170
-2,-1,0.001,0.001,0.001,0.001,0.2,0.2,non-finite finite-difference value [2],,,,,,,,,,,,3577
-2,-5,0.005,5e-04,0.001,0.001,0.2,0.2,,-0.720793992020737,-4.98909543437086,0.000735887480929908,0.00176176649860601,0.0800839933148604,-0.0161767097880148,0.3354015713157,0.235191182161859,0,119.003192202808,-38.2095561848501,1825
-0.5,-5,0.001,0.001,5e-04,0.001,0.2,0.2,non-finite finite-difference value [2],,,,,,,,,,,,3315
0.5,-1,5e-04,5e-04,0.005,0.001,0.2,0.2,non-finite finite-difference value [2],,,,,,,,,,,,1548
-2,-5,0.001,0.001,5e-04,0.001,0.2,0.2,non-finite finite-difference value [2],,,,,,,,,,,,3281
-2,-3,0.001,5e-04,0.001,0.001,0.2,0.2,,-0.795887266597464,-3.82286411751423,0.000776174014177228,0.00191779871729148,0.0223076320973608,-0.00261258005986402,0.298792595972481,0.239860904242443,0,113.730961489342,-35.5734408281176,3349
-1,-3,0.001,0.001,0.005,0.001,0.2,0.2,non-finite finite-difference value [2],,,,,,,,,,,,3798
0.5,-5,0.001,0.001,5e-04,0.005,0.2,0.2,,-0.25059512335072,-9.73581044019833,0.000844039305754081,0.00152408734860009,8.20757222277149,-2.95157522051407,0.408477535188741,0.238082595189296,0,228.943468485052,-93.1796943259721,2164
-0.5,-5,0.005,0.001,0.001,5e-04,0.2,0.2,,-0.672183080498192,-5.54952580396316,0.0007486882932567,0.00225350769979708,0.0998385079193651,-0.0179892201974697,0.197375635175297,0.224063883741224,0,189.034258293348,-73.2250892301203,483
0.5,-0.5,0.001,5e-04,0.001,5e-04,0.2,0.2,non-finite finite-difference value [5],,,,,,,,,,,,320
0.5,-3,0.005,0.001,5e-04,0.001,0.2,0.2,non-finite finite-difference value [2],,,,,,,,,,,,1256
-1,-5,0.001,0.005,0.001,0.001,0.2,0.2,,-0.764168671354591,-5.61587558197281,0.000768561094280227,0.0021702254415827,0.117592895077032,-0.0264383516170322,0.300701185531359,0.234671486654836,0,112.319793657643,-34.8678569122678,1426
-2,-3,0.001,0.001,0.001,5e-04,0.2,0.2,,-1.58544060507038,-3.33771181838372,0.000689675052843809,-0.00102350660867647,0.0120737861656493,-0.00136409369536605,0.343361604008945,0.289033019734833,0,194.85687724583,-76.1363987063611,885
-0.5,-3,5e-04,0.005,0.001,0.005,0.2,0.2,non-finite finite-difference value [2],,,,,,,,,,,,2951
-1,-1,5e-04,5e-04,0.001,0.001,0.2,0.2,,-0.729408169623514,-2.27001437774361,0.000682887604741995,0.00182882804972633,0.000486752182179289,0.000598072024700706,0.265469629318758,0.251206848902635,0,177.813247864944,-67.6145840159184,1802
-1,-5,0.005,0.001,5e-04,5e-04,0.2,0.2,non-finite finite-difference value [2],,,,,,,,,,,,226
0.5,-1,0.001,5e-04,5e-04,0.001,0.2,0.2,,-0.765251603342565,-3.65434515852544,0.00067394663179224,0.00232498130632152,-0.00232011885747999,7.44992315506969e-05,0.36088696753976,0.267181298077474,0,166.271972410758,-61.8439462888251,1052
-0.5,-3,5e-04,0.005,0.005,0.001,0.2,0.2,non-finite finite-difference value [2],,,,,,,,,,,,3719
-0.5,-5,5e-04,0.001,0.005,0.001,0.2,0.2,non-finite finite-difference value [2],,,,,,,,,,,,1731
-0.5,-3,5e-04,0.001,0.001,5e-04,0.2,0.2,non-finite finite-difference value [2],,,,,,,,,,,,455
-1,-3,5e-04,0.001,5e-04,0.001,0.2,0.2,non-finite finite-difference value [2],,,,,,,,,,,,3270
-0.5,-5,0.001,0.001,0.001,0.005,0.2,0.2,,-0.730774215542106,-6.11650744250998,0.000543796433093128,0.00267758582118608,0.218075778162152,-0.0341065067565106,0.273968115075797,0.239563593466643,0,91.1471000749419,-24.2815101209173,2899
0.5,-3,0.001,0.001,0.001,0.005,0.2,0.2,non-finite finite-difference value [2],,,,,,,,,,,,2552
-2,-5,0.005,0.001,5e-04,0.005,0.2,0.2,,-0.79490229747118,-7.11777001938127,0.000768447758146405,0.00191560513649937,0.0702636055106922,-0.018571322355136,0.323237196788515,0.255072684949354,0,138.371545843635,-47.8937330052637,2273
0.5,-3,0.005,0.001,0.001,0.001,0.2,0.2,non-finite finite-difference value [2],,,,,,,,,,,,1384
-0.5,-5,0.001,0.005,0.001,5e-04,0.2,0.2,,-0.663059043831154,-7.12150000679459,0.000604010387170165,0.00255874069032925,0.753877471473205,-0.106567558600745,0.271525041144073,0.214838527180393,0,100.732355217553,-29.0741376922229,435
-0.5,-1,5e-04,0.005,0.001,0.005,0.2,0.2,non-finite finite-difference value [2],,,,,,,,,,,,2443
0.5,-0.5,0.001,5e-04,0.001,0.001,0.2,0.2,non-finite finite-difference value [2],,,,,,,,,,,,3360
-2,-0.5,0.001,0.005,0.001,5e-04,0.2,0.2,,-9.49871005330999,-7.23590123113747,0.142595146161058,-4.7940386290264,0.633327266217319,-0.103046033623579,0.422048712787838,0.238938822128666,0,265.500827410416,-111.458373788654,957
-0.5,-3,0.001,0.001,5e-04,0.001,0.2,0.2,,-0.500007695815195,-3.00000035892126,0.00067010047054949,0.00232998035040341,0.00107112046479689,0.000707847578501555,0.200049956953566,0.200017164201811,0,278.090769090862,-117.753344628877,1271
-1,-0.5,0.005,0.001,0.001,0.005,0.2,0.2,,-0.841847827916016,-2.87009700625176,0.00077354012478816,0.00123869669498156,0.00870449205037827,-0.000523958418375598,0.287907845182962,0.24844163487326,0,127.059161055375,-42.2375406111338,2414
-0.5,-5,5e-04,0.005,5e-04,0.005,0.2,0.2,non-finite finite-difference value [2],,,,,,,,,,,,2179
-2,-1,5e-04,0.005,0.001,0.001,0.2,0.2,,-8.73714987473572,-6.09491243999487,0.0671630483816514,-2.23166610719905,0.204517095953423,-0.032621409292513,0.421970026529639,0.238974587319669,0,265.489188313419,-111.452554240156,3977
-2,-5,0.001,0.005,0.005,5e-04,0.2,0.2,non-finite finite-difference value [2],,,,,,,,,,,,657
-2,-0.5,0.001,0.005,0.001,0.001,0.2,0.2,,-0.731022667997655,-4.84581421438837,0.000765986818878765,0.0017632607380584,0.0282337174545146,-0.00381758064959589,0.308220368508715,0.235431653545541,0,123.312971176243,-40.3644456715677,3997
-2,-1,0.001,0.005,5e-04,0.001,0.2,0.2,,-0.849942704543445,-8.09279034950709,0.00074664133624304,0.00195215042360094,1.21342956560975,-0.240388549125078,0.28079045547939,0.227923211588117,0,110.736577701714,-34.0762489343034,3257
-2,-1,0.001,0.001,0.001,0.001,0.2,0.2,non-finite finite-difference value [2],,,,,,,,,,,,1529
-2,-3,5e-04,5e-04,0.001,0.001,0.2,0.2,,-0.829120574997129,-3.14983855319021,0.000763927921999563,0.00204604240253277,0.0148465559086293,-0.00162217809355842,0.319692905063564,0.241127753606244,0,119.009938299999,-38.2129292334461,1797
0.5,-0.5,5e-04,5e-04,0.001,0.001,0.2,0.2,non-finite finite-difference value [2],,,,,,,,,,,,3344
-1,-5,0.005,5e-04,0.001,0.005,0.2,0.2,non-finite finite-difference value [2],,,,,,,,,,,,2850
0.5,-5,5e-04,0.001,5e-04,0.001,0.2,0.2,non-finite finite-difference value [2],,,,,,,,,,,,1220
-1,-3,0.001,0.005,0.001,0.005,0.2,0.2,non-finite finite-difference value [2],,,,,,,,,,,,2966
-1,-3,0.005,0.001,5e-04,0.001,0.2,0.2,non-finite finite-difference value [2],,,,,,,,,,,,3302
-1,-1,5e-04,0.005,5e-04,5e-04,0.2,0.2,non-finite finite-difference value [2],,,,,,,,,,,,138
-1,-1,0.001,0.005,5e-04,0.001,0.2,0.2,non-finite finite-difference value [2],,,,,,,,,,,,1178
-0.5,-1,0.001,5e-04,0.005,0.005,0.2,0.2,,-0.707001309952193,-3.78402662286239,0.000638024967825938,0.00208325269009176,0.0203718551919312,-0.00275349250773666,0.271377161593176,0.239939089994704,0,95.5908616539186,-26.5033909104057,2619
-2,-0.5,5e-04,0.001,0.001,0.001,0.2,0.2,non-finite finite-difference value [2],,,,,,,,,,,,1869
-0.5,-3,0.005,5e-04,0.005,0.001,0.2,0.2,,-0.455861860614507,-2.72456165559047,0.000827245109191349,0.00285598621268542,0.00781865863393923,-0.000183281807537834,0.193753928363872,0.23245310526322,0,325.239630190814,-141.327775178853,3623
-1,-3,0.001,0.005,0.005,5e-04,0.2,0.2,non-finite finite-difference value [2],,,,,,,,,,,,694
0.5,-1,0.001,0.005,0.005,0.001,0.2,0.2,,0.5,-1,0.00100000000000005,0.00499999999999997,0.00500000000000001,0.001,0.2,0.2,0,4044.37966840697,-2000.89779428693,1692
0.5,-0.5,0.001,5e-04,5e-04,5e-04,0.2,0.2,,-0.988747420599755,-5.23579622162874,0.00041792160065455,0.00412351067798355,0.102737894541698,-0.014066874200205,0.310146231540049,0.233228984868204,0,143.725755216923,-50.5708376919079,32
-1,-0.5,0.001,0.005,0.001,5e-04,0.2,0.2,,-0.78094271957126,-2.33968206881294,0.000735369121595137,0.00187249924177578,0.00429148493070891,0.000254030639623723,0.276905080343873,0.245902759589151,0,136.737643208074,-47.0767816874831,414
-2,-0.5,5e-04,0.001,0.001,0.005,0.2,0.2,non-finite finite-difference value [2],,,,,,,,,,,,2381
-1,-3,0.005,5e-04,0.001,0.005,0.2,0.2,,-0.72283878286855,-3.58715890954931,0.00064561393682268,0.0021133716244041,0.00954230235379455,-0.00310976754362251,0.232608736906392,0.24533574932984,0,121.968098817426,-39.6920094921594,2342
-1,-0.5,5e-04,5e-04,5e-04,0.001,0.2,0.2,,-0.52429467281159,-2.14924576956625,0.000663801713389128,0.00328674090375702,0.00689261314226104,-0.000216273595892906,0.284984507736669,0.253537852406153,0,154.975876239348,-56.1958982031203,1038
-0.5,-0.5,0.001,5e-04,0.005,0.001,0.2,0.2,,-0.778501827664703,-3.90456394658416,0.000799055232953581,0.00181455205696423,0.00583646755438507,0.00231036230833701,0.285053101811495,0.261324149702599,0,157.777082346147,-57.5965012565201,3615
-2,-1,0.005,0.005,0.005,0.001,0.2,0.2,non-finite finite-difference value [2],,,,,,,,,,,,3753
-1,-1,0.001,0.001,0.001,5e-04,0.2,0.2,,-0.772211726014685,-3.24154552563654,0.000818125519173065,0.00182748991641857,0.00831461497630338,-0.000933592305569769,0.303190694538582,0.253190380435015,0,128.041980484177,-42.7289503255349,506
0.5,-0.5,5e-04,0.005,0.001,0.001,0.2,0.2,non-finite finite-difference value [2],,,,,,,,,,,,3472
-1,-3,0.001,5e-04,5e-04,0.001,0.2,0.2,,-0.778924203713192,-3.88087908474306,0.000825215599455877,0.00191603372320522,0.0232847574580886,-0.00315340631446356,0.299666988793129,0.240916229662346,0,120.087672555862,-38.7517963613774,1078
-2,-1,0.001,5e-04,0.005,0.001,0.2,0.2,,-0.79105232202702,-6.05557452642332,0.00079336289050235,0.00179770993232346,-0.00757754269986855,0.00478665501599769,0.306103999346947,0.276372327580959,0,152.89764431614,-55.1567822415166,3609
-2,-0.5,0.001,5e-04,0.005,5e-04,0.2,0.2,non-finite finite-difference value [5],,,,,,,,,,,,573
-1,-5,0.001,0.005,0.005,0.001,0.2,0.2,non-finite finite-difference value [2],,,,,,,,,,,,3762
-1,-5,0.005,0.005,0.001,0.001,0.2,0.2,non-finite finite-difference value [2],,,,,,,,,,,,1954
-0.5,-3,5e-04,0.005,5e-04,0.001,0.2,0.2,non-finite finite-difference value [2],,,,,,,,,,,,3207
-2,-0.5,0.001,0.001,0.005,5e-04,0.2,0.2,,-21.5322693694752,-7.87983079201259,-0.00476137735707229,-0.0177928894159611,1.17153390941219,-0.194518467979164,0.426775753535687,0.239070777394101,0,270.305087576787,-113.86050387184,637
-1,-0.5,5e-04,0.005,0.001,0.001,0.2,0.2,,-0.745697679842756,-3.00519724096247,0.000755797199574273,0.00201331930327823,0.00795997352428733,-0.000912194834964093,0.287982265190996,0.243731873935999,0,117.444750811101,-37.4303354889969,3982
0.5,-5,5e-04,0.005,5e-04,0.001,0.2,0.2,non-finite finite-difference value [2],,,,,,,,,,,,1156
-0.5,-3,0.001,0.005,0.001,5e-04,0.2,0.2,,-0.828937633430975,-5.82429670959833,0.000605877439433315,0.00214613460847796,0.107820227273815,-0.0126898304686271,0.306431906781872,0.25723906922044,0,105.117077281885,-31.266498724389,407
0.5,-3,0.005,0.001,5e-04,0.001,0.2,0.2,non-finite finite-difference value [2],,,,,,,,,,,,3176
-2,-1,0.005,0.001,0.005,5e-04,0.2,0.2,,-0.835191360602627,-4.46044801544369,0.000779646214074747,0.00152972163579186,-0.00844119182405115,0.000382757107543386,0.320365416627529,0.254767052936478,0,161.643417811849,-59.5296689893708,617
-2,-3,0.001,0.001,0.001,5e-04,0.2,0.2,,-1.58544060507038,-3.33771181838372,0.000689675052843809,-0.00102350660867647,0.0120737861656493,-0.00136409369536605,0.343361604008945,0.289033019734833,0,194.85687724583,-76.1363987063611,1013
-1,-0.5,0.001,5e-04,0.001,0.005,0.2,0.2,non-finite finite-difference value [5],,,,,,,,,,,,2846
-2,-1,0.001,0.001,0.001,0.005,0.2,0.2,non-finite finite-difference value [2],,,,,,,,,,,,2905
-2,-5,0.005,0.001,0.005,0.001,0.2,0.2,,-0.757733798005858,-6.57177799509392,0.000806764535602271,0.00154222518768135,0.198836478300314,-0.0591034779223004,0.316359854717313,0.253090727520534,0,123.692406989235,-40.5541635780636,3809
-1,-5,0.001,0.001,5e-04,5e-04,0.2,0.2,,-0.607724655283714,-5.90136063769986,0.000726959837164775,0.00180077572629656,0.141419441940017,-0.033219873438019,0.275364856161635,0.244584944684354,0,112.478803769985,-34.9473619684388,210
-1,-3,0.001,5e-04,0.001,0.001,0.2,0.2,non-finite finite-difference value [2],,,,,,,,,,,,3350
-0.5,-0.5,0.001,0.001,0.001,0.001,0.2,0.2,non-finite finite-difference value [2],,,,,,,,,,,,1887
-2,-5,0.001,0.001,0.001,5e-04,0.2,0.2,non-finite finite-difference value [2],,,,,,,,,,,,465
-0.5,-0.5,0.001,5e-04,5e-04,0.001,0.2,0.2,non-finite finite-difference value [2],,,,,,,,,,,,1087
