Date,Exp,Type,Pred_YN,Time.day,Pred_T0.dens.ml,Pred_T24.dens.ml,Dexio_T0.dens.ml,Dexio_T24.dens.ml,Colp_T0.dens.ml,Colp_T24.dens.ml,Para_T0.dens.ml,Para_T24.dens.ml
7.12.2021,DP,Para_Con,N,1.0443,0,0,1,1,NA,NA,25,18.97773171
7.12.2021,DP,Para_FR,Y,1.0171,5,3,1,1,NA,NA,25,45.78356911
7.12.2021,DP,Para_Con,N,1.0235,0,0,1,1,NA,NA,60,61.45647154
7.12.2021,DP,Para_FR,Y,1.0891,5,0,1,1,NA,NA,60,75.77739837
7.12.2021,DP,Para_Con,N,1.0395,0,0,1,1,NA,NA,140,195.3855122
7.12.2021,DP,Para_FR,Y,1.0123,5,3,1,1,NA,NA,140,173.036187
7.12.2021,DP,Para_Con,N,1.1147,0,0,1,1,NA,NA,325,312.9072439
7.12.2021,DP,Para_FR,Y,1.0219,5,0,1,1,NA,NA,325,371.7098374
8.12.2021,DP,Para_Con,N,1.0911,0,0,1,1,NA,NA,40,37.48811382
8.12.2021,DP,Para_FR,Y,1.1121,5,3,1,1,NA,NA,40,34.58386992
8.12.2021,DP,Para_Con,N,1.0641,0,0,1,1,NA,NA,90,111.3961138
8.12.2021,DP,Para_FR,Y,1.0161,5,0,1,1,NA,NA,90,183.9688293
8.12.2021,DP,Para_Con,N,1.0176,0,0,1,1,NA,NA,210,180.8809837
8.12.2021,DP,Para_FR,Y,1.0581,5,7,1,1,NA,NA,210,202.4124472
8.12.2021,DP,Para_Con,N,1.0596,0,0,1,1,NA,NA,500,351.0129268
8.12.2021,DP,Para_FR,Y,1.1031,5,10,1,1,NA,NA,500,375.5153984
10.12.2021,DP,Para_Con,N,1.0429,0,0,1,1,NA,NA,25,20.71360163
10.12.2021,DP,Para_FR,Y,1.0845,5,0,1,1,NA,NA,25,17.6257561
10.12.2021,DP,Para_Con,N,1.0093,0,0,1,1,NA,NA,60,43.74726016
10.12.2021,DP,Para_FR,Y,1.0733,5,3,1,1,NA,NA,60,80.067
10.12.2021,DP,Para_Con,N,1.1117,0,0,1,1,NA,NA,140,132.844122
10.12.2021,DP,Para_FR,Y,1.0861,5,0,1,1,NA,NA,140,114.5340325
10.12.2021,DP,Para_Con,N,1.0397,0,0,1,1,NA,NA,325,240.1676179
10.12.2021,DP,Para_FR,Y,1.0701,5,0,1,1,NA,NA,325,224.1442033
11.12.2021,DP,Para_Con,N,1.1037,0,0,1,1,NA,NA,40,38.13906504
11.12.2021,DP,Para_FR,Y,1.1127,5,0,1,1,NA,NA,40,30.0605935
11.12.2021,DP,Para_Con,N,1.0623,0,0,1,1,NA,NA,90,88.49598374
11.12.2021,DP,Para_FR,Y,1.0641,5,7,1,1,NA,NA,90,63.35925203
11.12.2021,DP,Para_Con,N,1.0929,0,0,1,1,NA,NA,210,146.2637317
11.12.2021,DP,Para_FR,Y,1.0785,5,3,1,1,NA,NA,210,155.7776341
11.12.2021,DP,Para_Con,N,1.1109,0,0,1,1,NA,NA,500,324.6410569
11.12.2021,DP,Para_FR,Y,1.0407,5,0,1,1,NA,NA,500,381.0568293
13.12.2021,DP,Para_Con,N,1.0644,0,0,1,1,NA,NA,25,16.49076423
13.12.2021,DP,Para_FR,Y,1.09,5,3,1,1,NA,NA,25,37.55487805
13.12.2021,DP,Para_Con,N,1.1316,0,0,1,1,NA,NA,60,50.77419512
13.12.2021,DP,Para_FR,Y,1.0612,5,3,1,1,NA,NA,60,33.24858537
13.12.2021,DP,Para_Con,N,1.0916,0,0,1,1,NA,NA,140,127.886878
13.12.2021,DP,Para_FR,Y,1.0356,5,0,1,1,NA,NA,140,124.047935
13.12.2021,DP,Para_Con,N,1.0852,0,0,1,1,NA,NA,325,295.5151626
13.12.2021,DP,Para_FR,Y,1.0564,5,3,1,1,NA,NA,325,305.9303821
15.12.2021,DP,Para_Con,N,1.0432,0,0,1,1,NA,NA,40,40.65941463
15.12.2021,DP,Para_FR,Y,1.1197,5,3,1,1,NA,NA,40,44.94901626
15.12.2021,DP,Para_Con,N,1.0908,0,0,1,1,NA,NA,90,82.30360163
15.12.2021,DP,Para_FR,Y,1.1027,5,3,1,1,NA,NA,90,84.50682114
15.12.2021,DP,Para_Con,N,1.0483,0,0,1,1,NA,NA,210,161.4859756
15.12.2021,DP,Para_FR,Y,1.0449,5,3,1,1,NA,NA,210,164.7574228
15.12.2021,DP,Para_Con,N,1.0534,0,0,1,1,NA,NA,500,397.1303171
15.12.2021,DP,Para_FR,Y,1.0925,5,13,1,1,NA,NA,500,414.7727642
26.11.2021,DP,Dexio_Con,N,1.070723739,0,0,25,15.06203712,NA,NA,1,1
26.11.2021,DP,Dexio_FR,Y,1.097379838,5,3,25,12.23454472,NA,NA,1,1
1.12.2021,DP,Dexio_Con,N,1.08184199,0,0,25,22.54244487,NA,NA,1,1
1.12.2021,DP,Dexio_FR,Y,1.02691264,5,10,25,15.87319512,NA,NA,1,1
5.12.2021,DP,Dexio_Con,N,1.013803197,0,0,25,30.62808943,NA,NA,1,1
5.12.2021,DP,Dexio_FR,Y,1.016893044,5,0,25,19.62868293,NA,NA,1,1
7.12.2021,DP,Comp_Control,N,1.0155,0,0,25,36.2195935,NA,NA,25,27.0395122
7.12.2021,DP,MSFR,Y,1.1019,5,3,25,14.69647561,NA,NA,25,18.49369106
7.12.2021,DP,MSFR,Y,1.0763,5,10,25,12.08849797,NA,NA,25,43.9642439
7.12.2021,DP,Comp_Control,N,1.0683,0,0,25,56.89981301,NA,NA,40,48.20377236
7.12.2021,DP,MSFR,Y,1.1195,5,0,25,16.42598904,NA,NA,40,29.02486949
7.12.2021,DP,MSFR,Y,1.1083,5,3,25,17.2752439,NA,NA,40,36.48665041
7.12.2021,DP,Comp_Control,N,1.0827,0,0,25,68.51678862,NA,NA,90,62.60815447
7.12.2021,DP,MSFR,Y,1.1067,5,3,25,12.29296341,NA,NA,90,82.65411382
7.12.2021,DP,MSFR,Y,1.1259,5,7,25,11.41668293,NA,NA,90,70.92030081
7.12.2021,DP,Comp_Control,N,1.1179,0,0,25,55.61460163,NA,NA,140,108.1413577
7.12.2021,DP,MSFR,Y,1.0907,5,3,25,21.67688869,NA,NA,140,151.9887642
7.12.2021,DP,MSFR,Y,1.1291,5,13,25,13.90365041,NA,NA,140,100.4801626
7.12.2021,DP,Comp_Control,N,1.0747,0,0,25,35.28489431,NA,NA,210,159.0991545
7.12.2021,DP,MSFR,Y,1.0491,5,7,25,11.74215854,NA,NA,210,131.7925854
7.12.2021,DP,MSFR,Y,1.0603,5,7,25,18.04303252,NA,NA,210,158.0142358
7.12.2021,DP,Comp_Control,N,1.0987,0,0,25,25.08665854,NA,NA,500,462.1753659
7.12.2021,DP,MSFR,Y,1.0651,5,3,25,16.50745528,NA,NA,500,446.953122
7.12.2021,DP,MSFR,Y,1.0635,5,3,25,19.07787805,NA,NA,500,455.2652683
10.12.2021,DP,Comp_Control,N,1.0989,0,0,25,72.0886748,NA,NA,25,27.72384553
10.12.2021,DP,MSFR,Y,1.0173,5,0,25,14.08725203,NA,NA,25,24.7528374
10.12.2021,DP,Comp_Control,N,1.0525,0,0,25,74.32527642,NA,NA,40,40.87639837
10.12.2021,DP,MSFR,Y,1.0061,5,3,25,23.40086179,NA,NA,40,26.47201626
10.12.2021,DP,MSFR,Y,1.0957,5,3,25,17.19178862,NA,NA,40,48.50421138
10.12.2021,DP,Comp_Control,N,1.0077,0,0,25,52.12617073,NA,NA,90,79.23244715
10.12.2021,DP,MSFR,Y,1.0013,5,3,25,13.54654964,NA,NA,90,74.62571545
10.12.2021,DP,MSFR,Y,1.1149,5,7,25,24.66938211,NA,NA,90,109.8605366
10.12.2021,DP,Comp_Control,N,1.0493,0,0,25,38.60641463,NA,NA,140,83.2049187
10.12.2021,DP,MSFR,Y,1.0445,5,0,25,9.773285132,NA,NA,140,108.3750325
10.12.2021,DP,MSFR,Y,1.1293,5,7,25,12.99727129,NA,NA,140,136.1322602
10.12.2021,DP,Comp_Control,N,1.0653,0,0,25,44.69865041,NA,NA,210,170.0484878
10.12.2021,DP,MSFR,Y,1.0893,5,0,25,17.60906504,NA,NA,210,180.380252
10.12.2021,DP,MSFR,Y,1.0461,5,10,25,12.16778049,NA,NA,210,187.423878
10.12.2021,DP,Comp_Control,N,1.0157,0,0,25,38.97361789,NA,NA,500,337.9605203
10.12.2021,DP,MSFR,Y,1.1229,5,0,25,11.40560116,NA,NA,500,419.8802276
10.12.2021,DP,MSFR,Y,1.0109,5,3,25,20.36308943,NA,NA,500,400.9692602
13.12.2021,DP,Comp_Control,N,1.0484,0,0,25,43.78064228,NA,NA,25,50.29015447
13.12.2021,DP,MSFR,Y,1.042,5,3,25,6.159,NA,NA,25,34.13211689
13.12.2021,DP,MSFR,Y,1.082,5,3,25,6.159,NA,NA,25,21.39793496
13.12.2021,DP,Comp_Control,N,1.0756,0,0,25,54.16247967,NA,NA,40,37.17098374
13.12.2021,DP,MSFR,Y,1.0244,5,0,25,6.159,NA,NA,40,32.4974878
13.12.2021,DP,MSFR,Y,1.0516,5,7,25,6.159,NA,NA,40,34.30262561
13.12.2021,DP,Comp_Control,N,1.0724,0,0,25,32.81461789,NA,NA,90,82.33698374
13.12.2021,DP,MSFR,Y,1.106,5,0,25,6.159,NA,NA,90,71.03713821
13.12.2021,DP,MSFR,Y,1.0164,5,3,25,9.113317073,NA,NA,90,87.66143089
13.12.2021,DP,Comp_Control,N,1.0868,0,0,25,35.60202439,NA,NA,140,101.0309675
13.12.2021,DP,MSFR,Y,1.1028,5,7,25,12.28461789,NA,NA,140,135.1307967
13.12.2021,DP,Comp_Control,N,1.0804,0,0,25,31.81315447,NA,NA,210,184.9035285
13.12.2021,DP,MSFR,Y,1.1156,5,3,25,6.159,NA,NA,210,180.8976748
13.12.2021,DP,MSFR,Y,1.0772,5,7,25,11.73381301,NA,NA,210,184.0355935
13.12.2021,DP,Comp_Control,N,1.0692,0,0,25,24.35225203,NA,NA,500,502.5176504
13.12.2021,DP,MSFR,Y,1.0132,5,7,25,12.50160163,NA,NA,500,493.7381545
13.12.2021,DP,MSFR,Y,1.066,5,10,25,14.13884257,NA,NA,500,474.3264553
7.12.2021,DP,Dexio_Con,N,1.0459,0,0,25,45.3996748,NA,NA,1,1
10.12.2021,DP,Dexio_Con,N,1.0381,0,0,25,72.73962602,NA,NA,1,1
13.12.2021,DP,Dexio_Con,N,1.0596,0,0,25,59.60376423,NA,NA,1,1
10.12.2021,DP,MSFR,Y,1.1069,5,0,25,1,NA,NA,25,30.76161789
13.12.2021,DP,MSFR,Y,1.018,5,10,25,1,NA,NA,140,111.1958211
25.11.2021,DP,Dexio_Con,N,1.039235251,0,0,50,92.18470732,NA,NA,1,1
25.11.2021,DP,Dexio_FR,Y,1.135612892,5,3,50,46.96863415,NA,NA,1,1
29.11.2021,DP,Dexio_Con,N,1.102086663,0,0,50,128.3375366,NA,NA,1,1
29.11.2021,DP,Dexio_FR,Y,1.041921288,5,0,50,13.53644715,NA,NA,1,1
4.12.2021,DP,Dexio_Con,N,1.052263639,0,0,50,69.08428455,NA,NA,1,1
4.12.2021,DP,Dexio_FR,Y,1.021677232,5,7,50,50.69073984,NA,NA,1,1
8.12.2021,DP,Comp_Control,N,1.0866,0,0,50,115.0180732,NA,NA,25,23.63453659
8.12.2021,DP,MSFR,Y,1.0956,5,3,50,34.21666667,NA,NA,25,32.31388618
8.12.2021,DP,MSFR,Y,1.0416,5,10,50,31.16220325,NA,NA,25,24.9865122
8.12.2021,DP,Comp_Control,N,1.0086,0,0,50,137.8681301,NA,NA,40,187.2569675
8.12.2021,DP,MSFR,Y,1.1061,5,0,50,45.26614634,NA,NA,40,29.45971545
8.12.2021,DP,MSFR,Y,1.0131,5,3,50,80.45089431,NA,NA,40,58.6857561
8.12.2021,DP,Comp_Control,N,1.0776,0,0,50,105.4207154,NA,NA,90,104.102122
8.12.2021,DP,MSFR,Y,1.1091,5,7,50,30.82838211,NA,NA,90,82.82102439
8.12.2021,DP,MSFR,Y,1.1076,5,7,50,22.41608943,NA,NA,90,95.77328455
8.12.2021,DP,Comp_Control,N,1.1106,0,0,50,98.12672358,NA,NA,140,89.26377236
8.12.2021,DP,MSFR,Y,1.0116,5,0,50,38.75663415,NA,NA,140,117.4716585
8.12.2021,DP,MSFR,Y,1.0071,5,3,50,67.18150407,NA,NA,140,309.0516098
8.12.2021,DP,Comp_Control,N,1.0656,0,0,50,84.89071545,NA,NA,210,180.2467236
8.12.2021,DP,MSFR,Y,1.0146,5,7,50,28.75869106,NA,NA,210,227.7661626
8.12.2021,DP,MSFR,Y,1.1046,5,7,50,27.5402439,NA,NA,210,178.6777642
8.12.2021,DP,Comp_Control,N,1.0296,0,0,50,70.50302439,NA,NA,500,447.8878211
8.12.2021,DP,MSFR,Y,1.0986,5,0,50,34.36688618,NA,NA,500,388.317439
8.12.2021,DP,MSFR,Y,1.0221,5,3,50,29.52647967,NA,NA,500,511.8980244
11.12.2021,DP,Comp_Control,N,1.0119,0,0,50,85.57504878,NA,NA,25,34.38357724
11.12.2021,DP,MSFR,Y,1.0695,5,0,50,43.41343902,NA,NA,25,26.17157724
11.12.2021,DP,MSFR,Y,1.0443,5,3,50,64.51093496,NA,NA,25,29.68357198
11.12.2021,DP,Comp_Control,N,1.0281,0,0,50,87.3109187,NA,NA,40,39.77478862
11.12.2021,DP,MSFR,Y,1.1271,5,3,50,50.34022764,NA,NA,40,59.68721951
11.12.2021,DP,MSFR,Y,1.1433,5,10,50,47.38591057,NA,NA,40,29.10920325
11.12.2021,DP,Comp_Control,N,1.1307,0,0,50,130.6409024,NA,NA,90,80.8014065
11.12.2021,DP,MSFR,Y,1.0677,5,3,50,69.30126829,NA,NA,90,92.71882114
11.12.2021,DP,MSFR,Y,1.0821,5,3,50,135.798439,NA,NA,90,81.05177236
11.12.2021,DP,Comp_Control,N,1.0767,0,0,50,67.93260163,NA,NA,140,125.5501301
11.12.2021,DP,MSFR,Y,1.0497,5,0,50,36.05268293,NA,NA,140,144.1773496
11.12.2021,DP,MSFR,Y,1.0893,5,3,50,27.67377236,NA,NA,140,101.0490267
11.12.2021,DP,Comp_Control,N,1.1289,0,0,50,70.26934959,NA,NA,210,145.9132195
11.12.2021,DP,MSFR,Y,1.1325,5,0,50,25.77099187,NA,NA,210,195.8528618
11.12.2021,DP,MSFR,Y,1.0749,5,0,50,63.57623577,NA,NA,210,164.523748
11.12.2021,DP,Comp_Control,N,1.0713,0,0,50,54.3460813,NA,NA,500,403.6732114
11.12.2021,DP,MSFR,Y,1.0479,5,0,50,43.09630894,NA,NA,500,473.4084472
11.12.2021,DP,MSFR,Y,1.0353,5,3,50,70.08574797,NA,NA,500,457.218122
15.12.2021,DP,Comp_Control,N,1.016,0,0,50,101.0476585,NA,NA,25,30.52794309
15.12.2021,DP,MSFR,Y,1.0874,5,0,50,35.91066749,NA,NA,25,33.03160163
15.12.2021,DP,MSFR,Y,1.0398,5,3,50,10.87176901,NA,NA,25,41.74433333
15.12.2021,DP,Comp_Control,N,1.0466,0,0,50,43.32998374,NA,NA,40,32.74785366
15.12.2021,DP,MSFR,Y,1.1282,5,0,50,18.42692683,NA,NA,40,57.93465854
15.12.2021,DP,MSFR,Y,1.118,5,7,50,61.69014634,NA,NA,40,37.27113008
15.12.2021,DP,Comp_Control,N,1.0738,0,0,50,68.34987805,NA,NA,90,66.31356911
15.12.2021,DP,MSFR,Y,1.0585,5,0,50,22.88343902,NA,NA,90,77.93054472
15.12.2021,DP,MSFR,Y,1.0143,5,7,50,6.382594059,NA,NA,90,75.97769106
15.12.2021,DP,Comp_Control,N,1.1112,0,0,50,61.38970732,NA,NA,140,152.7231707
15.12.2021,DP,MSFR,Y,1.0211,5,3,50,16.62600459,NA,NA,140,126.100935
15.12.2021,DP,MSFR,Y,1.0551,5,7,50,18.39354472,NA,NA,140,119.2576016
15.12.2021,DP,Comp_Control,N,1.0245,0,0,50,38.72325203,NA,NA,210,170.3322358
15.12.2021,DP,MSFR,Y,1.0959,5,3,50,10.73831069,NA,NA,210,167.3612276
15.12.2021,DP,MSFR,Y,1.0942,5,17,50,13.83688618,NA,NA,210,201.4443659
15.12.2021,DP,Comp_Control,N,1.1231,0,0,50,41.71095122,NA,NA,500,445.7179837
15.12.2021,DP,MSFR,Y,1.1146,5,3,50,17.42883372,NA,NA,500,383.2266667
15.12.2021,DP,MSFR,Y,1.0772,5,3,50,11.93832248,NA,NA,500,332.285561
8.12.2021,DP,Dexio_Con,N,1.0101,0,0,50,106.1217398,NA,NA,1,1
11.12.2021,DP,Dexio_Con,N,1.1451,0,0,50,158.1811463,NA,NA,1,1
15.12.2021,DP,Dexio_Con,N,1.0687,0,0,50,92.08456098,NA,NA,1,1
23.11.2021,DP,Dexio_Con,N,1.047630342,0,0,100,189.0762927,NA,NA,1,1
23.11.2021,DP,Dexio_FR,Y,1.052884636,5,5,100,54.78004878,NA,NA,1,1
28.11.2021,DP,Dexio_Con,N,1.019777804,0,0,100,178.9782033,NA,NA,1,1
28.11.2021,DP,Dexio_FR,Y,1.047730431,5,10,100,25.33702439,NA,NA,1,1
2.12.2021,DP,Dexio_Con,N,1.067487039,0,0,100,84.9074065,NA,NA,1,1
2.12.2021,DP,Dexio_FR,Y,1.104445686,5,3,100,69.46817886,NA,NA,1,1
7.12.2021,DP,Comp_Control,N,1.1323,0,0,100,195.7527154,NA,NA,25,19.52853659
7.12.2021,DP,MSFR,Y,1.0667,5,0,100,66.02982114,NA,NA,25,28.94229268
7.12.2021,DP,MSFR,Y,1.0091,5,10,100,97.54253659,NA,NA,25,59.31167073
7.12.2021,DP,Comp_Control,N,1.0875,0,0,100,156.8291707,NA,NA,40,29.86030081
7.12.2021,DP,MSFR,Y,1.1099,5,0,100,97.47577236,NA,NA,40,35.71886179
7.12.2021,DP,MSFR,Y,1.0347,5,0,100,79.52620976,NA,NA,40,36.33643089
7.12.2021,DP,Comp_Control,N,1.0363,0,0,100,185.9216829,NA,NA,90,80.067
7.12.2021,DP,MSFR,Y,1.0731,5,3,100,87.91179675,NA,NA,90,113.8163171
7.12.2021,DP,MSFR,Y,1.0955,5,7,100,66.96452033,NA,NA,90,80.81809756
7.12.2021,DP,Comp_Control,N,1.0299,0,0,100,163.9729431,NA,NA,140,150.7703171
7.12.2021,DP,MSFR,Y,1.0315,5,7,100,41.22691057,NA,NA,140,139.7208374
7.12.2021,DP,MSFR,Y,1.0427,5,7,100,73.69101626,NA,NA,140,149.585252
7.12.2021,DP,Comp_Control,N,1.0475,0,0,100,120.5094309,NA,NA,210,204.1983902
7.12.2021,DP,MSFR,Y,1.0539,5,3,100,67.44856098,NA,NA,210,197.1547642
7.12.2021,DP,MSFR,Y,1.1163,5,3,100,65.42894309,NA,NA,210,159.5998862
7.12.2021,DP,Comp_Control,N,1.0971,0,0,100,122.2619919,NA,NA,500,480.9694959
7.12.2021,DP,MSFR,Y,1.0059,5,0,100,80.35074797,NA,NA,500,516.5715203
7.12.2021,DP,MSFR,Y,1.1035,5,3,100,57.95134959,NA,NA,500,434.3179919
10.12.2021,DP,Comp_Control,N,1.0189,0,0,100,186.1720488,NA,NA,25,22.11565041
10.12.2021,DP,MSFR,Y,1.0909,5,3,100,92.25147154,NA,NA,25,8.879642276
10.12.2021,DP,MSFR,Y,1.0477,5,7,100,73.34050407,NA,NA,25,18.29339837
10.12.2021,DP,Comp_Control,N,1.1181,0,0,100,201.3942927,NA,NA,40,35.46849593
10.12.2021,DP,MSFR,Y,1.1197,5,3,100,92.81896748,NA,NA,40,29.67669919
10.12.2021,DP,MSFR,Y,1.0669,5,7,100,105.9715203,NA,NA,40,48.1870813
10.12.2021,DP,Comp_Control,N,1.0637,0,0,100,131.8426585,NA,NA,90,74.9929187
10.12.2021,DP,MSFR,Y,1.0829,5,7,100,58.73582927,NA,NA,90,71.6213252
10.12.2021,DP,MSFR,Y,1.0141,5,10,100,61.60669106,NA,NA,90,84.74049593
10.12.2021,DP,Comp_Control,N,1.0269,0,0,100,149.0177561,NA,NA,140,124.365065
10.12.2021,DP,MSFR,Y,1.1021,5,0,100,75.6104878,NA,NA,140,91.91765041
10.12.2021,DP,MSFR,Y,1.0781,5,0,100,66.93113821,NA,NA,140,134.9805772
10.12.2021,DP,Comp_Control,N,1.0685,0,0,100,153.3574309,NA,NA,210,144.8616829
10.12.2021,DP,MSFR,Y,1.0717,5,3,100,63.35925203,NA,NA,210,152.9234634
10.12.2021,DP,MSFR,Y,1.0333,5,7,100,59.85413008,NA,NA,210,148.7340081
10.12.2021,DP,Comp_Control,N,1.0349,0,0,100,79.46612195,NA,NA,500,359.0246341
10.12.2021,DP,MSFR,Y,1.1277,5,0,100,42.21168293,NA,NA,500,368.8055935
10.12.2021,DP,MSFR,Y,1.1053,5,3,100,76.49511382,NA,NA,500,367.5203821
13.12.2021,DP,Comp_Control,N,1.1012,0,0,100,180.0464309,NA,NA,25,26.38856098
13.12.2021,DP,MSFR,Y,1.074,5,0,100,54.1124065,NA,NA,25,113.8997724
13.12.2021,DP,MSFR,Y,1.0276,5,0,100,46.0172439,NA,NA,25,47.81987805
13.12.2021,DP,Comp_Control,N,1.0324,0,0,100,172.2183252,NA,NA,40,32.53086992
13.12.2021,DP,MSFR,Y,1.0548,5,3,100,41.54404065,NA,NA,40,35.21813008
13.12.2021,DP,MSFR,Y,1.05,5,7,100,115.251748,NA,NA,40,28.79207317
13.12.2021,DP,Comp_Control,N,1.0372,0,0,100,173.9708862,NA,NA,90,83.73903252
13.12.2021,DP,MSFR,Y,1.0788,5,0,100,63.70976423,NA,NA,90,70.70331707
13.12.2021,DP,MSFR,Y,1.0212,5,0,100,51.19147154,NA,NA,90,69.00082927
13.12.2021,DP,Comp_Control,N,1.026,0,0,100,163.5723577,NA,NA,140,156.7457154
13.12.2021,DP,MSFR,Y,1.1284,5,0,100,40.10860976,NA,NA,140,143.125813
13.12.2021,DP,MSFR,Y,1.0836,5,7,100,51.14139837,NA,NA,140,89.29715447
13.12.2021,DP,Comp_Control,N,1.1172,0,0,100,108.508561,NA,NA,210,211.6092195
13.12.2021,DP,MSFR,Y,1.034,5,0,100,41.31036585,NA,NA,210,209.8900407
13.12.2021,DP,MSFR,Y,1.1076,5,3,100,50.74081301,NA,NA,210,181.1647317
13.12.2021,DP,Comp_Control,N,1.0228,0,0,100,87.04386179,NA,NA,500,473.1747724
13.12.2021,DP,MSFR,Y,1.0116,5,0,100,69.802,NA,NA,500,618.1532927
13.12.2021,DP,MSFR,Y,1.13,5,3,100,47.58620325,NA,NA,500,404.2073252
7.12.2021,DP,Dexio_Con,N,1.0939,0,0,100,197.5720407,NA,NA,1,1
10.12.2021,DP,Dexio_Con,N,1.1165,0,0,100,226.7646992,NA,NA,1,1
13.12.2021,DP,Dexio_Con,N,1.0964,0,0,100,181.1647317,NA,NA,1,1
26.11.2021,DP,Dexio_Con,N,1.007891506,0,0,200,306.6147154,NA,NA,1,1
26.11.2021,DP,Dexio_FR,Y,1.114515902,5,3,200,182.7503821,NA,NA,1,1
1.12.2021,DP,Dexio_Con,N,1.095574327,0,0,200,189.743935,NA,NA,1,1
1.12.2021,DP,Dexio_FR,Y,1.016613387,5,3,200,118.1226098,NA,NA,1,1
5.12.2021,DP,Dexio_Con,N,1.080234896,0,0,200,194.6677967,NA,NA,1,1
5.12.2021,DP,Dexio_FR,Y,1.02461766,5,0,200,163.2385366,NA,NA,1,1
8.12.2021,DP,Comp_Control,N,1.0761,0,0,200,321.1693171,NA,NA,25,19.37831707
8.12.2021,DP,MSFR,Y,1.0881,5,0,200,191.0124553,NA,NA,25,33.11505691
8.12.2021,DP,MSFR,Y,1.0506,5,3,200,168.6631301,NA,NA,25,15.07202439
8.12.2021,DP,Comp_Control,N,1.0356,0,0,200,369.0559593,NA,NA,40,45.5165122
8.12.2021,DP,MSFR,Y,1.0611,5,0,200,203.7644228,NA,NA,40,31.09543902
8.12.2021,DP,MSFR,Y,1.0851,5,3,200,224.5781707,NA,NA,40,31.8799187
8.12.2021,DP,Comp_Control,N,1.0326,0,0,200,290.4744634,NA,NA,90,84.03947154
8.12.2021,DP,MSFR,Y,1.0551,5,0,200,169.6145203,NA,NA,90,72.02191057
8.12.2021,DP,MSFR,Y,1.0806,5,3,200,141.7905285,NA,NA,90,113.215439
8.12.2021,DP,Comp_Control,N,1.0971,0,0,200,268.2252846,NA,NA,140,130.5574472
8.12.2021,DP,MSFR,Y,1.0461,5,0,200,200.008935,NA,NA,140,145.479252
8.12.2021,DP,MSFR,Y,1.0536,5,3,200,161.1020813,NA,NA,140,127.2526179
8.12.2021,DP,Comp_Control,N,1.0401,0,0,200,295.0144309,NA,NA,210,195.6692602
8.12.2021,DP,MSFR,Y,1.0191,5,7,200,154.8930081,NA,NA,210,164.5905122
8.12.2021,DP,MSFR,Y,1.0566,5,7,200,108.7088537,NA,NA,210,199.4080569
8.12.2021,DP,Comp_Control,N,1.0476,0,0,200,197.7890244,NA,NA,500,437.9065691
8.12.2021,DP,MSFR,Y,1.0746,5,0,200,114.8845447,NA,NA,500,438.4406829
8.12.2021,DP,MSFR,Y,1.0266,5,3,200,148.7173171,NA,NA,500,464.6289512
11.12.2021,DP,Comp_Control,N,1.0605,0,0,200,333.0533496,NA,NA,25,19.10537725
11.12.2021,DP,MSFR,Y,1.1073,5,0,200,273.2492927,NA,NA,25,28.79207317
11.12.2021,DP,MSFR,Y,1.0191,5,3,200,324.2905447,NA,NA,25,33.23502388
11.12.2021,DP,Comp_Control,N,1.1181,0,0,200,359.8258049,NA,NA,40,31.7630813
11.12.2021,DP,MSFR,Y,1.1055,5,0,200,397.7311951,NA,NA,40,33.9764249
11.12.2021,DP,MSFR,Y,1.1379,5,3,200,359.4085285,NA,NA,40,16.94007671
11.12.2021,DP,Comp_Control,N,1.0947,0,0,200,335.2899512,NA,NA,90,68.91737398
11.12.2021,DP,MSFR,Y,1.0731,5,0,200,291.5760732,NA,NA,90,55.96511382
11.12.2021,DP,MSFR,Y,1.0983,5,0,200,234.4258943,NA,NA,90,79.81663415
11.12.2021,DP,Comp_Control,N,1.0659,0,0,200,293.1450325,NA,NA,140,119.7583333
11.12.2021,DP,MSFR,Y,1.1001,5,0,200,185.0203659,NA,NA,140,118.7234878
11.12.2021,DP,MSFR,Y,1.0587,5,3,200,246.0094878,NA,NA,140,123.6473496
11.12.2021,DP,Comp_Control,N,1.0425,0,0,200,273.0823821,NA,NA,210,176.5913821
11.12.2021,DP,MSFR,Y,1.0461,5,3,200,210.7579756,NA,NA,210,195.635878
11.12.2021,DP,MSFR,Y,1.0533,5,3,200,179.8127561,NA,NA,210,169.9817236
11.12.2021,DP,Comp_Control,N,1.0515,0,0,200,196.7708699,NA,NA,500,458.4532602
11.12.2021,DP,MSFR,Y,1.0263,5,0,200,101.1478049,NA,NA,500,423.4521138
11.12.2021,DP,MSFR,Y,1.0389,5,3,200,166.5600569,NA,NA,500,452.5112439
15.12.2021,DP,Comp_Control,N,1.101,0,0,200,275.0018537,NA,NA,25,21.56484553
15.12.2021,DP,MSFR,Y,1.0347,5,3,200,100.4467805,NA,NA,25,37.52149593
15.12.2021,DP,MSFR,Y,1.0976,5,20,200,17.77597561,NA,NA,25,24.48578049
15.12.2021,DP,Comp_Control,N,1.0755,0,0,200,255.9406667,NA,NA,40,39.04038211
15.12.2021,DP,MSFR,Y,1.0194,5,3,200,132.1264065,NA,NA,40,50.89103252
15.12.2021,DP,MSFR,Y,1.0636,5,7,200,143.0423577,NA,NA,40,44.24799187
15.12.2021,DP,Comp_Control,N,1.1248,0,0,200,225.7966179,NA,NA,90,104.0687398
15.12.2021,DP,MSFR,Y,1.0619,5,3,200,66.29687805,NA,NA,90,93.00256911
15.12.2021,DP,MSFR,Y,1.1095,5,20,200,44.59850407,NA,NA,90,82.2368374
15.12.2021,DP,Comp_Control,N,1.0415,0,0,200,271.8305528,NA,NA,140,110.5281789
15.12.2021,DP,MSFR,Y,1.0602,5,3,200,52.61021138,NA,NA,140,129.038561
15.12.2021,DP,MSFR,Y,1.1129,5,17,200,49.85618699,NA,NA,140,101.8321382
15.12.2021,DP,Comp_Control,N,1.0177,0,0,200,184.6030894,NA,NA,210,174.6385285
15.12.2021,DP,MSFR,Y,1.0126,5,7,200,55.0804878,NA,NA,210,171.2335528
15.12.2021,DP,MSFR,Y,1.0262,5,10,200,52.49337398,NA,NA,210,174.6719106
15.12.2021,DP,Comp_Control,N,1.0704,0,0,200,165.7588862,NA,NA,500,362.3795366
15.12.2021,DP,MSFR,Y,1.1299,5,7,200,90.59905691,NA,NA,500,387.8333984
15.12.2021,DP,MSFR,Y,1.0092,5,10,200,80.55104065,NA,NA,500,478.3323089
8.12.2021,DP,Dexio_Con,N,1.0926,0,0,200,342.6673984,NA,NA,1,1
11.12.2021,DP,Dexio_Con,N,1.0317,0,0,200,364.8998862,NA,NA,1,1
15.12.2021,DP,Dexio_Con,N,1.1078,0,0,200,396.2957642,NA,NA,1,1
25.11.2021,DP,Dexio_Con,N,1.015595452,0,0,425,637.6651382,NA,NA,1,1
25.11.2021,DP,Dexio_FR,Y,0.999229437,5,10,425,408.8641301,NA,NA,1,1
29.11.2021,DP,Dexio_Con,N,1.064483303,0,0,425,725.0261301,NA,NA,1,1
29.11.2021,DP,Dexio_FR,Y,1.031392347,5,3,425,451.8269106,NA,NA,1,1
4.12.2021,DP,Dexio_Con,N,1.088967327,0,0,425,459.4046504,NA,NA,1,1
4.12.2021,DP,Dexio_FR,Y,1.099162796,5,3,425,345.8887724,NA,NA,1,1
7.12.2021,DP,Comp_Control,N,1.0203,0,0,425,714.2770894,NA,NA,25,62.3244065
7.12.2021,DP,MSFR,Y,1.1115,5,0,425,418.4114146,NA,NA,25,14.88842276
7.12.2021,DP,MSFR,Y,1.1307,5,3,425,388.1338374,NA,NA,25,27.08958537
7.12.2021,DP,Comp_Control,N,1.0187,0,0,425,745.4559837,NA,NA,40,40.64272358
7.12.2021,DP,MSFR,Y,1.1051,5,0,425,402.5382195,NA,NA,40,59.73729268
7.12.2021,DP,MSFR,Y,1.1243,5,3,425,314.409439,NA,NA,40,52.99410569
7.12.2021,DP,Comp_Control,N,1.0795,0,0,425,533.6631626,NA,NA,90,83.05469919
7.12.2021,DP,MSFR,Y,1.1131,5,3,425,325.5089919,NA,NA,90,71.70478049
7.12.2021,DP,MSFR,Y,1.0811,5,3,425,380.088748,NA,NA,90,76.21136585
7.12.2021,DP,Comp_Control,N,1.0507,0,0,425,512.649122,NA,NA,140,147.2985772
7.12.2021,DP,MSFR,Y,1.0555,5,0,425,379.0372114,NA,NA,140,155.2435203
7.12.2021,DP,MSFR,Y,1.0571,5,0,425,345.1209837,NA,NA,140,139.320252
7.12.2021,DP,Comp_Control,N,1.0923,0,0,425,451.6766911,NA,NA,210,269.0097642
7.12.2021,DP,MSFR,Y,1.0379,5,0,425,436.1873902,NA,NA,210,276.4205935
7.12.2021,DP,MSFR,Y,1.0411,5,3,425,394.776878,NA,NA,210,212.8276667
7.12.2021,DP,Comp_Control,N,1.1275,0,0,425,398.8328049,NA,NA,500,461.340813
7.12.2021,DP,MSFR,Y,1.0139,5,3,425,319.5669756,NA,NA,500,576.0918293
7.12.2021,DP,MSFR,Y,1.1003,5,7,425,276.7877967,NA,NA,500,435.2860732
10.12.2021,DP,Comp_Control,N,1.0925,0,0,425,822.1013171,NA,NA,25,44.91563415
10.12.2021,DP,MSFR,Y,1.0589,5,0,425,509.6948049,NA,NA,25,23.06704065
10.12.2021,DP,MSFR,Y,1.0205,5,13,425,531.727,NA,NA,25,12.29296341
10.12.2021,DP,Comp_Control,N,1.0029,0,0,425,704.3125285,NA,NA,40,52.99410569
10.12.2021,DP,MSFR,Y,1.1085,5,3,425,425.1045285,NA,NA,40,65.5791626
10.12.2021,DP,MSFR,Y,1.0237,5,7,425,540.3228943,NA,NA,40,46.61812195
10.12.2021,DP,Comp_Control,N,1.0253,0,0,425,512.649122,NA,NA,90,73.80785366
10.12.2021,DP,MSFR,Y,1.1037,5,7,425,382.5757154,NA,NA,90,68.58355285
10.12.2021,DP,MSFR,Y,1.1101,5,7,425,383.4937236,NA,NA,90,70.66993496
10.12.2021,DP,Comp_Control,N,1.0285,0,0,425,579.1796748,NA,NA,140,116.8874715
10.12.2021,DP,MSFR,Y,1.0765,5,0,425,384.8123171,NA,NA,140,155.8110163
10.12.2021,DP,MSFR,Y,1.1245,5,0,425,352.0978455,NA,NA,140,98.49392683
10.12.2021,DP,Comp_Control,N,1.0509,0,0,425,534.3474959,NA,NA,210,197.1213821
10.12.2021,DP,MSFR,Y,1.0045,5,0,425,374.0465854,NA,NA,210,233.3242846
10.12.2021,DP,MSFR,Y,1.0941,5,7,425,295.4984715,NA,NA,210,213.2783252
10.12.2021,DP,Comp_Control,N,1.0125,0,0,425,478.048561,NA,NA,500,423.7191707
10.12.2021,DP,MSFR,Y,1.0413,5,0,425,408.3967805,NA,NA,500,411.4011707
10.12.2021,DP,MSFR,Y,1.0797,5,3,425,318.815878,NA,NA,500,442.1294065
13.12.2021,DP,Comp_Control,N,1.0708,0,0,425,779.4723577,NA,NA,25,25.53731707
13.12.2021,DP,MSFR,Y,1.0436,5,0,425,586.874252,NA,NA,25,32.48079675
13.12.2021,DP,MSFR,Y,1.0404,5,3,425,561.2034065,NA,NA,25,10.28169106
13.12.2021,DP,Comp_Control,N,1.0996,0,0,425,931.8116341,NA,NA,40,66.6640813
13.12.2021,DP,MSFR,Y,1.098,5,3,425,670.9471057,NA,NA,40,49.88267197
13.12.2021,DP,MSFR,Y,1.1188,5,3,425,573.7717724,NA,NA,40,38.82339837
13.12.2021,DP,Comp_Control,N,1.01,0,0,425,578.1949024,NA,NA,90,133.728748
13.12.2021,DP,MSFR,Y,1.0148,5,3,425,513.0497073,NA,NA,90,73.52410569
13.12.2021,DP,MSFR,Y,1.0468,5,3,425,427.0740732,NA,NA,90,92.88573171
13.12.2021,DP,Comp_Control,N,1.1204,0,0,425,450.3914797,NA,NA,140,150.9539187
13.12.2021,DP,MSFR,Y,1.122,5,0,425,348.0419187,NA,NA,140,101.5316992
13.12.2021,DP,MSFR,Y,1.0084,5,13,425,387.9836179,NA,NA,140,130.4906829
13.12.2021,DP,Comp_Control,N,1.058,0,0,425,444.1824065,NA,NA,210,219.5040894
13.12.2021,DP,MSFR,Y,1.1364,5,3,425,232.873626,NA,NA,210,196.7541789
13.12.2021,DP,MSFR,Y,1.1124,5,10,425,358.3069187,NA,NA,210,224.1775854
13.12.2021,DP,Comp_Control,N,1.114,0,0,425,296.7169187,NA,NA,500,357.1218537
13.12.2021,DP,MSFR,Y,1.1252,5,3,425,110.9955285,NA,NA,500,317.2969919
13.12.2021,DP,MSFR,Y,1.1348,5,17,425,109.6435528,NA,NA,500,377.2679593
7.12.2021,DP,Dexio_Con,N,1.0267,0,0,425,713.1754797,NA,NA,1,1
10.12.2021,DP,Dexio_Con,N,1.0573,0,0,425,784.6465854,NA,NA,1,1
13.12.2021,DP,Dexio_Con,N,1.1044,0,0,425,846.9376098,NA,NA,1,1
23.11.2021,DP,Dexio_Con,N,1.100173284,0,0,850,1175.567829,NA,NA,1,1
23.11.2021,DP,Dexio_FR,Y,1.028364597,5,5,850,820.3988293,NA,NA,1,1
28.11.2021,DP,Dexio_Con,N,1.01822488,0,0,850,1314.487496,NA,NA,1,1
28.11.2021,DP,Dexio_FR,Y,1.075683057,5,0,850,908.2271707,NA,NA,1,1
2.12.2021,DP,Dexio_Con,N,1.023808637,0,0,850,615.5161057,NA,NA,1,1
2.12.2021,DP,Dexio_FR,Y,1.052367592,5,0,850,535.8496911,NA,NA,1,1
8.12.2021,DP,Comp_Control,N,1.0281,0,0,850,1188.186268,NA,NA,25,33.38211382
8.12.2021,DP,MSFR,Y,1.0836,5,7,850,761.963439,NA,NA,25,31.17889431
8.12.2021,DP,MSFR,Y,1.0701,5,10,850,807.6134797,NA,NA,25,28.04097561
8.12.2021,DP,Comp_Control,N,1.1001,0,0,850,922.5480976,NA,NA,40,40.30890244
8.12.2021,DP,MSFR,Y,1.1016,5,0,850,699.8393252,NA,NA,40,56.36569919
8.12.2021,DP,MSFR,Y,1.0791,5,0,850,859.2889919,NA,NA,40,53.51152846
8.12.2021,DP,Comp_Control,N,1.0371,0,0,850,923.0822114,NA,NA,90,117.2880569
8.12.2021,DP,MSFR,Y,1.1151,5,0,850,786.8664959,NA,NA,90,137.5843821
8.12.2021,DP,MSFR,Y,1.0731,5,3,850,697.2689024,NA,NA,90,127.4529106
8.12.2021,DP,Comp_Control,N,1.0341,0,0,850,1049.967626,NA,NA,140,133.4950732
8.12.2021,DP,MSFR,Y,1.0311,5,7,850,785.9317967,NA,NA,140,191.9638455
8.12.2021,DP,MSFR,Y,1.0251,5,7,850,862.1932358,NA,NA,140,170.6493659
8.12.2021,DP,Comp_Control,N,1.0431,0,0,850,911.9158943,NA,NA,210,267.6744797
8.12.2021,DP,MSFR,Y,1.0626,5,3,850,651.0513659,NA,NA,210,270.5620325
8.12.2021,DP,MSFR,Y,1.0446,5,3,850,778.5543496,NA,NA,210,259.8296829
8.12.2021,DP,Comp_Control,N,1.0386,0,0,850,947.885122,NA,NA,500,520.0432602
8.12.2021,DP,MSFR,Y,1.0521,5,0,850,701.0076992,NA,NA,500,487.7126829
8.12.2021,DP,MSFR,Y,1.0896,5,7,850,619.9559268,NA,NA,500,480.2517805
11.12.2021,DP,Comp_Control,N,1.1235,0,0,850,1705.425431,NA,NA,25,29.12589431
11.12.2021,DP,MSFR,Y,1.0803,5,3,850,1396.540732,NA,NA,25,29.03724017
11.12.2021,DP,MSFR,Y,1.0551,5,3,850,1571.045732,NA,NA,25,13.36771015
11.12.2021,DP,Comp_Control,N,1.1253,0,0,850,1590.974854,NA,NA,40,41.56073171
11.12.2021,DP,MSFR,Y,1.1415,5,0,850,1525.145325,NA,NA,40,66.12996748
11.12.2021,DP,Comp_Control,N,1.0173,0,0,850,1209.517439,NA,NA,90,89.11355285
11.12.2021,DP,MSFR,Y,1.1019,5,7,850,1007.255211,NA,NA,90,98.64414634
11.12.2021,DP,MSFR,Y,1.0875,5,13,850,1033.643772,NA,NA,90,90.5656748
11.12.2021,DP,Comp_Control,N,1.0137,0,0,850,956.8482195,NA,NA,140,153.2072114
11.12.2021,DP,MSFR,Y,1.0857,5,0,850,988.1773333,NA,NA,140,135.5313821
11.12.2021,DP,MSFR,Y,1.0965,5,3,850,1008.406894,NA,NA,140,155.4605041
11.12.2021,DP,Comp_Control,N,1.0155,0,0,850,1018.555057,NA,NA,210,219.2203415
11.12.2021,DP,MSFR,Y,1.0371,5,3,850,863.6453577,NA,NA,210,165.692122
11.12.2021,DP,MSFR,Y,1.0839,5,7,850,895.8257154,NA,NA,210,204.5989756
11.12.2021,DP,Comp_Control,N,1.0911,0,0,850,626.448748,NA,NA,500,418.8453821
11.12.2021,DP,MSFR,Y,1.1361,5,0,850,669.878878,NA,NA,500,478.7495854
11.12.2021,DP,MSFR,Y,1.1091,5,3,850,706.9830976,NA,NA,500,414.4723252
15.12.2021,DP,Comp_Control,N,1.1333,0,0,850,939.9234878,NA,NA,25,42.49543089
15.12.2021,DP,MSFR,Y,1.0653,5,7,850,637.2645528,NA,NA,25,30.0605935
15.12.2021,DP,MSFR,Y,1.0517,5,20,850,667.7591138,NA,NA,25,39.05819526
15.12.2021,DP,Comp_Control,N,1.0568,0,0,850,882.6230894,NA,NA,40,31.07874797
15.12.2021,DP,MSFR,Y,1.135,5,0,850,713.6595203,NA,NA,40,50.07317073
15.12.2021,DP,MSFR,Y,1.0721,5,10,850,651.7356992,NA,NA,40,39.54111382
15.12.2021,DP,MSFR,Y,1.1061,5,20,850,500.1141382,NA,NA,40,46.63481301
15.12.2021,DP,Comp_Control,N,1.0364,0,0,850,739.664187,NA,NA,90,105.7712276
15.12.2021,DP,MSFR,Y,1.0993,5,3,850,364.7162846,NA,NA,90,94.93873171
15.12.2021,DP,MSFR,Y,1.1163,5,7,850,427.0573821,NA,NA,90,96.74136585
15.12.2021,DP,Comp_Control,N,1.0823,0,0,850,587.4918211,NA,NA,140,130.6409024
15.12.2021,DP,MSFR,Y,1.1044,5,0,850,263.3181138,NA,NA,140,136.1990244
15.12.2021,DP,MSFR,Y,1.1265,5,7,850,518.7747398,NA,NA,140,102.7501463
15.12.2021,DP,Comp_Control,N,1.0228,0,0,850,635.244935,NA,NA,210,156.7957886
15.12.2021,DP,MSFR,Y,1.0857,5,10,850,402.1376341,NA,NA,210,195.1184553
15.12.2021,DP,MSFR,Y,1.1214,5,10,850,346.6899431,NA,NA,210,181.6320813
15.12.2021,DP,Comp_Control,N,1.0296,0,0,850,619.405122,NA,NA,500,496.8927642
15.12.2021,DP,MSFR,Y,1.0279,5,7,850,351.2966748,NA,NA,500,461.5577967
15.12.2021,DP,MSFR,Y,1.067,5,23,850,261.1649675,NA,NA,500,390.6041138
8.12.2021,DP,Dexio_Con,N,1.1166,0,0,850,1181.443081,NA,NA,1,1
11.12.2021,DP,Dexio_Con,N,1.0227,0,0,850,1613.641309,NA,NA,1,1
15.12.2021,DP,Dexio_Con,N,1.0109,0,0,850,1092.246073,NA,NA,1,1
26.11.2021,DP,Dexio_Con,N,1.072627746,0,0,1725,1880.114033,NA,NA,1,1
26.11.2021,DP,Dexio_FR,Y,1.08976381,5,3,1725,1837.935732,NA,NA,1,1
1.12.2021,DP,Dexio_Con,N,1.037211893,0,0,1725,1629.564577,NA,NA,1,1
1.12.2021,DP,Dexio_FR,Y,1.117889375,5,3,1725,1210.552285,NA,NA,1,1
5.12.2021,DP,Dexio_Con,N,1.069420434,0,0,1725,1543.288504,NA,NA,1,1
5.12.2021,DP,Dexio_FR,Y,1.095684129,5,0,1725,1611.788602,NA,NA,1,1
7.12.2021,DP,Comp_Control,N,1.1211,0,0,1725,1694.275805,NA,NA,25,33.18182114
7.12.2021,DP,MSFR,Y,1.0699,5,0,1725,1429.889463,NA,NA,25,66.4304065
7.12.2021,DP,MSFR,Y,1.0779,5,3,1725,1259.356935,NA,NA,25,51.42514634
7.12.2021,DP,Comp_Control,N,1.0619,0,0,1725,1709.898634,NA,NA,40,30.19412195
7.12.2021,DP,MSFR,Y,1.0587,5,3,1725,1195.062984,NA,NA,40,36.40319512
7.12.2021,DP,MSFR,Y,1.1227,5,7,1725,1424.498252,NA,NA,40,28.94229268
7.12.2021,DP,Comp_Control,N,1.0843,0,0,1725,1425.199276,NA,NA,90,92.56860163
7.12.2021,DP,MSFR,Y,1.0523,5,3,1725,1067.276252,NA,NA,90,112.5311057
7.12.2021,DP,MSFR,Y,1.0859,5,3,1725,1298.414008,NA,NA,90,95.84004878
7.12.2021,DP,Comp_Control,N,1.0283,0,0,1725,1621.519488,NA,NA,140,162.5708943
7.12.2021,DP,MSFR,Y,1.0251,5,7,1725,1183.462699,NA,NA,140,157.3966667
7.12.2021,DP,MSFR,Y,1.0075,5,10,1725,1465.958837,NA,NA,140,248.5799106
7.12.2021,DP,Comp_Control,N,1.0107,0,0,1725,1568.708984,NA,NA,210,293.2117967
7.12.2021,DP,MSFR,Y,1.0331,5,3,1725,1240.863244,NA,NA,210,274.7014146
7.12.2021,DP,MSFR,Y,1.0715,5,10,1725,1238.91039,NA,NA,210,330.4829268
10.12.2021,DP,Comp_Control,N,1.0621,0,0,1725,1570.39478,NA,NA,25,35.06791057
10.12.2021,DP,MSFR,Y,1.0877,5,3,1725,1260.708911,NA,NA,25,15.15870408
10.12.2021,DP,MSFR,Y,1.1133,5,3,1725,1232.551098,NA,NA,25,20.82513532
10.12.2021,DP,Comp_Control,N,1.0973,0,0,1725,1523.659821,NA,NA,40,21.54815447
10.12.2021,DP,MSFR,Y,1.0557,5,7,1725,1352.359504,NA,NA,40,47.80318699
10.12.2021,DP,MSFR,Y,1.0317,5,7,1725,1427.135439,NA,NA,40,50.20669919
10.12.2021,DP,Comp_Control,N,1.0749,0,0,1725,1528.400081,NA,NA,90,65.24534146
10.12.2021,DP,MSFR,Y,1.1261,5,3,1725,1224.205569,NA,NA,90,34.70070732
10.12.2021,DP,MSFR,Y,1.0365,5,7,1725,1255.451228,NA,NA,90,102.5164715
10.12.2021,DP,Comp_Control,N,1.0813,0,0,1725,1244.852407,NA,NA,140,132.9609593
10.12.2021,DP,MSFR,Y,1.0221,5,0,1725,1165.619959,NA,NA,140,113.9999187
10.12.2021,DP,MSFR,Y,1.1005,5,7,1725,1058.530138,NA,NA,140,142.0242033
10.12.2021,DP,Comp_Control,N,1.0605,0,0,1725,1121.989537,NA,NA,210,192.9986911
10.12.2021,DP,MSFR,Y,1.0301,5,3,1725,1342.378252,NA,NA,210,196.3535935
10.12.2021,DP,MSFR,Y,1.1213,5,3,1725,1221.618455,NA,NA,210,223.1427398
13.12.2021,DP,Comp_Control,N,1.0628,0,0,1725,2024.942333,NA,NA,25,65.77945528
13.12.2021,DP,MSFR,Y,1.0388,5,0,1725,1730.261724,NA,NA,25,20.11272358
13.12.2021,DP,MSFR,Y,1.0292,5,3,1725,1914.998341,NA,NA,25,48.02017073
13.12.2021,DP,Comp_Control,N,1.0884,0,0,1725,2055.68726,NA,NA,40,57.56745528
13.12.2021,DP,MSFR,Y,1.0196,5,3,1725,1807.558008,NA,NA,40,56.91650407
13.12.2021,DP,MSFR,Y,1.0452,5,7,1725,1521.873878,NA,NA,40,76.61195122
13.12.2021,DP,Comp_Control,N,1.1092,0,0,1725,1869.882415,NA,NA,90,162.6209675
13.12.2021,DP,MSFR,Y,1.0676,5,0,1725,1335.902122,NA,NA,90,99.71237398
13.12.2021,DP,MSFR,Y,1.1236,5,3,1725,1892.749163,NA,NA,90,97.74282927
13.12.2021,DP,Comp_Control,N,1.1268,0,0,1725,1764.011041,NA,NA,140,181.0812764
13.12.2021,DP,MSFR,Y,1.0308,5,0,1725,1478.126618,NA,NA,140,163.7893415
13.12.2021,DP,MSFR,Y,1.0932,5,7,1725,1548.329203,NA,NA,140,203.1802358
13.12.2021,DP,Comp_Control,N,1.0948,0,0,1725,1429.52226,NA,NA,210,204.6156667
13.12.2021,DP,MSFR,Y,1.1332,5,0,1725,1083.065992,NA,NA,210,195.2519837
13.12.2021,DP,MSFR,Y,1.1108,5,0,1725,1233.435724,NA,NA,210,271.4132764
7.12.2021,DP,Dexio_Con,N,1.0043,0,0,1725,1685.229252,NA,NA,1,1
10.12.2021,DP,Dexio_Con,N,1.0541,0,0,1725,1654.267341,NA,NA,1,1
13.12.2021,DP,Dexio_Con,N,1.0532,0,0,1725,2298.208317,NA,NA,1,1
29.11.2021,DP,Dexio_Con,N,1.046433691,0,0,2650,2374.21939,NA,NA,1,1
29.11.2021,DP,Dexio_FR,Y,1.08403705,5,7,2650,2004.161967,NA,NA,1,1
4.12.2021,DP,Dexio_Con,N,1.093045514,0,0,2650,1925.613854,NA,NA,1,1
4.12.2021,DP,Dexio_FR,Y,1.127710109,5,7,2650,2121.049439,NA,NA,1,1
6.12.2021,DP,Dexio_Con,N,1.019907408,0,0,2650,1951.818813,NA,NA,1,1
6.12.2021,DP,Dexio_FR,Y,1.013888889,5,0,2650,2267.813902,NA,NA,1,1
8.12.2021,DP,Comp_Control,N,1.0716,0,0,2650,2171.840325,NA,NA,25,63.94343902
8.12.2021,DP,MSFR,Y,1.1181,5,3,2650,1819.42535,NA,NA,25,37.22105691
8.12.2021,DP,MSFR,Y,1.0491,5,3,2650,2040.414943,NA,NA,25,69.40141463
8.12.2021,DP,Comp_Control,N,1.0821,0,0,2650,2035.107187,NA,NA,40,48.23715447
8.12.2021,DP,MSFR,Y,1.0236,5,3,2650,1973.300203,NA,NA,40,192.5814146
8.12.2021,DP,MSFR,Y,1.0941,5,3,2650,1840.456081,NA,NA,40,36.13613821
8.12.2021,DP,Comp_Control,N,1.0686,0,0,2650,2120.11474,NA,NA,90,137.0669593
8.12.2021,DP,MSFR,Y,1.0671,5,3,2650,1647.857976,NA,NA,90,100.9808943
8.12.2021,DP,MSFR,Y,1.0206,5,3,2650,1874.272163,NA,NA,90,284.7327398
11.12.2021,DP,Comp_Control,N,1.1217,0,0,2650,2687.109943,NA,NA,25,40.00846341
11.12.2021,DP,MSFR,Y,1.1145,5,0,2650,2541.697455,NA,NA,25,32.24838062
11.12.2021,DP,MSFR,Y,1.0245,5,7,2650,2796.987171,NA,NA,25,17.30862602
11.12.2021,DP,Comp_Control,N,1.0335,0,0,2650,2925.091033,NA,NA,40,36.13613821
11.12.2021,DP,MSFR,Y,1.0209,5,3,2650,2819.036057,NA,NA,40,26.8058374
11.12.2021,DP,MSFR,Y,1.1199,5,3,2650,2635.10061,NA,NA,40,31.47933333
11.12.2021,DP,Comp_Control,N,1.1397,0,0,2650,2587.030366,NA,NA,90,106.9729837
11.12.2021,DP,MSFR,Y,1.1163,5,3,2650,2358.713398,NA,NA,90,76.61195122
11.12.2021,DP,MSFR,Y,1.0299,5,3,2650,2795.08439,NA,NA,90,75.12644715
15.12.2021,DP,Comp_Control,N,1.0789,0,0,2650,2401.492577,NA,NA,25,29.50978862
15.12.2021,DP,MSFR,Y,1.0313,5,7,2650,1969.027293,NA,NA,25,55.63129268
15.12.2021,DP,MSFR,Y,1.0891,5,10,2650,1352.626561,NA,NA,25,30.04390244
15.12.2021,DP,Comp_Control,N,1.0075,0,0,2650,2630.794317,NA,NA,40,50.39030081
15.12.2021,DP,MSFR,Y,1.0806,5,7,2650,1373.941041,NA,NA,40,40.59265041
15.12.2021,DP,MSFR,Y,1.05,5,10,2650,1819.091528,NA,NA,40,74.69247967
15.12.2021,DP,Comp_Control,N,1.033,0,0,2650,2441.901626,NA,NA,90,120.9767805
15.12.2021,DP,MSFR,Y,1.0381,5,0,2650,1950.633748,NA,NA,90,96.7246748
15.12.2021,DP,MSFR,Y,1.1316,5,3,2650,1742.479577,NA,NA,90,114.5173415
8.12.2021,DP,Dexio_Con,N,1.1136,0,0,2650,1788.179691,NA,NA,1,1
11.12.2021,DP,Dexio_Con,N,1.0569,0,0,2650,2970.05674,NA,NA,1,1
15.12.2021,DP,Dexio_Con,N,1.084,0,0,2650,1897.506114,NA,NA,1,1
25.11.2021,DP,Dexio_Con,N,1.01195856,0,0,3250,2804.130943,NA,NA,1,1
25.11.2021,DP,Dexio_FR,Y,1.086514848,5,7,3250,2692.133951,NA,NA,1,1
23.11.2021,CP,Colp_Con,N,1.026613165,0,0,NA,NA,25,31.71300813,1,1
23.11.2021,CP,Colp_FR,Y,1.049381773,5,5,NA,NA,25,30.02721138,1,1
23.11.2021,CP,Colp_Con,N,1.023110303,0,0,NA,NA,40,77.64679675,1,1
23.11.2021,CP,Colp_FR,Y,1.077404676,5,4,NA,NA,40,36.62017886,1,1
23.11.2021,CP,Colp_Con,N,1.016104577,0,0,NA,NA,65,109.3264228,1,1
23.11.2021,CP,Colp_FR,Y,1.105427578,5,8,NA,NA,65,57.15017886,1,1
23.11.2021,CP,Colp_Con,N,1.079156107,0,0,NA,NA,110,225.9969106,1,1
23.11.2021,CP,Colp_FR,Y,1.024861734,5,6,NA,NA,110,78.69833333,1,1
23.11.2021,CP,Colp_Con,N,1.014353146,0,0,NA,NA,180,265.4879512,1,1
23.11.2021,CP,Colp_FR,Y,1.05813893,5,4,NA,NA,180,255.2897154,1,1
23.11.2021,CP,Colp_Con,N,1.063393225,0,0,NA,NA,300,512.5489756,1,1
23.11.2021,CP,Colp_FR,Y,1.093167558,5,5,NA,NA,300,355.1523089,1,1
23.11.2021,CP,Colp_Con,N,1.098421852,0,0,NA,NA,490,654.8569268,1,1
23.11.2021,CP,Colp_FR,Y,1.068647519,5,3,NA,NA,490,467.483122,1,1
23.11.2021,CP,Colp_Con,N,1.065144656,0,0,NA,NA,800,724.9426748,1,1
23.11.2021,CP,Colp_FR,Y,1.03186746,5,4,NA,NA,800,750.5968293,1,1
28.11.2021,CP,Colp_Con,N,1.100529836,0,0,NA,NA,25,36.41988618,1,1
28.11.2021,CP,Colp_FR,Y,1.106741531,5,0,NA,NA,25,14.92351678,1,1
28.11.2021,CP,Colp_Con,N,1.069471362,0,0,NA,NA,40,53.2611626,1,1
28.11.2021,CP,Colp_FR,Y,1.039965812,5,3,NA,NA,40,38.22252033,1,1
28.11.2021,CP,Colp_Con,N,1.071024286,0,0,NA,NA,65,85.32468293,1,1
28.11.2021,CP,Colp_FR,Y,1.095871065,5,3,NA,NA,65,51.34169106,1,1
28.11.2021,CP,Colp_Con,N,1.004248567,0,0,NA,NA,110,128.0871707,1,1
28.11.2021,CP,Colp_FR,Y,1.050836278,5,7,NA,NA,110,98.91120325,1,1
28.11.2021,CP,Colp_Con,N,1.081894752,0,0,NA,NA,180,210.8414309,1,1
28.11.2021,CP,Colp_FR,Y,1.091212294,5,0,NA,NA,180,108.7088537,1,1
28.11.2021,CP,Colp_Con,N,1.080341828,0,0,NA,NA,300,313.524813,1,1
28.11.2021,CP,Colp_FR,Y,1.041518736,5,0,NA,NA,300,257.7433008,1,1
28.11.2021,CP,Colp_Con,N,1.085000599,0,0,NA,NA,490,356.4041382,1,1
28.11.2021,CP,Colp_FR,Y,1.033754117,5,0,NA,NA,490,399.4003008,1,1
28.11.2021,CP,Colp_Con,N,1.007354415,0,0,NA,NA,800,832.5833008,1,1
28.11.2021,CP,Colp_FR,Y,1.08965937,5,3,NA,NA,800,625.8311789,1,1
2.12.2021,CP,Colp_Con,N,1.075886731,0,0,NA,NA,25,40.75956098,1,1
2.12.2021,CP,Colp_FR,Y,1.0658071,5,7,NA,NA,25,40.14199187,1,1
2.12.2021,CP,Colp_Con,N,1.08932624,0,0,NA,NA,40,42.94608943,1,1
2.12.2021,CP,Colp_FR,Y,1.055727469,5,3,NA,NA,40,26.12150407,1,1
2.12.2021,CP,Colp_Con,N,1.013729006,0,0,NA,NA,65,100.7972927,1,1
2.12.2021,CP,Colp_FR,Y,1.094366055,5,10,NA,NA,65,49.78942276,1,1
2.12.2021,CP,Colp_FR,Y,1.040608022,5,7,NA,NA,110,121.4942033,1,1
2.12.2021,CP,Colp_Con,N,1.05404753,0,0,NA,NA,180,187.7743902,1,1
2.12.2021,CP,Colp_FR,Y,1.064127162,5,7,NA,NA,180,162.8880244,1,1
2.12.2021,CP,Colp_Con,N,1.035568207,0,0,NA,NA,300,336.3748699,1,1
2.12.2021,CP,Colp_FR,Y,1.042287961,5,7,NA,NA,300,316.9631707,1,1
2.12.2021,CP,Colp_Con,N,1.02044876,0,0,NA,NA,490,488.5973089,1,1
2.12.2021,CP,Colp_FR,Y,1.114525317,5,7,NA,NA,490,400.3516911,1,1
2.12.2021,CP,Colp_Con,N,1.025488575,0,0,NA,NA,650,781.8091057,1,1
2.12.2021,CP,Colp_FR,Y,1.03220833,5,10,NA,NA,650,669.4282195,1,1
4.12.2021,CP,Colp_Con,N,1.144023,0,0,NA,NA,110,146.8145366,1,1
23.1.2022,CP,Para_Con,N,1.03998686,0,0,NA,NA,1,1,25,48.50421138
23.1.2022,CP,Para_FR,Y,1.013861653,5,3,NA,NA,1,1,25,37.82193496
23.1.2022,CP,Comp_Control,N,1.012324876,0,0,NA,NA,25,32.26381301,25,23.41755285
23.1.2022,CP,MSFR,Y,1.070722397,5,0,NA,NA,25,26.35517886,25,32.58094309
23.1.2022,CP,MSFR,Y,1.095310828,5,7,NA,NA,25,22.6998374,25,40.00846341
23.1.2022,CP,Comp_Control,N,1.124509589,0,0,NA,NA,65,145.8631463,25,59.537
23.1.2022,CP,MSFR,Y,1.061501736,5,7,NA,NA,65,78.43127642,25,39.10714634
23.1.2022,CP,MSFR,Y,1.006177768,5,10,NA,NA,65,59.1864878,25,23.45093496
23.1.2022,CP,Comp_Control,N,1.016935206,0,0,NA,NA,180,340.2471951,25,42.52881301
23.1.2022,CP,MSFR,Y,1.122972812,5,0,NA,NA,180,196.7207967,25,36.11944715
23.1.2022,CP,MSFR,Y,1.104531489,5,7,NA,NA,180,182.1495041,25,46.08400813
23.1.2022,CP,Comp_Control,N,1.11375215,0,0,NA,NA,490,522.9475041,25,39.9750813
23.1.2022,CP,MSFR,Y,1.072259174,5,0,NA,NA,490,507.5416585,25,44.76541463
23.1.2022,CP,MSFR,Y,1.06457529,5,3,NA,NA,490,474.6936585,25,22.64976423
23.1.2022,CP,Comp_Control,N,1.063038513,0,0,NA,NA,25,68.38326016,40,102.4997805
23.1.2022,CP,MSFR,Y,1.112215373,5,7,NA,NA,25,25.98797561,40,58.28517073
23.1.2022,CP,MSFR,Y,1.101457935,5,10,NA,NA,25,35.1346748,40,56.5159187
23.1.2022,CP,Comp_Control,N,1.081479836,0,0,NA,NA,65,127.7867317,40,86.74342276
23.1.2022,CP,MSFR,Y,1.030766198,5,0,NA,NA,65,74.70917073,40,47.23569106
23.1.2022,CP,MSFR,Y,1.102994712,5,7,NA,NA,65,65.24534146,40,167.0607886
23.1.2022,CP,Comp_Control,N,1.01539843,0,0,NA,NA,180,303.243122,40,51.97595122
23.1.2022,CP,MSFR,Y,1.098384381,5,3,NA,NA,180,179.7459919,40,49.13847154
23.1.2022,CP,MSFR,Y,1.116825704,5,7,NA,NA,180,213.6622195,40,42.54550407
23.1.2022,CP,Comp_Control,N,1.056891405,0,0,NA,NA,490,467.8336341,40,64.16042276
23.1.2022,CP,MSFR,Y,1.053817852,5,0,NA,NA,490,398.282,40,50.80757724
23.1.2022,CP,MSFR,Y,1.115288927,5,10,NA,NA,490,457.5435976,40,65.89629268
23.1.2022,CP,Para_Con,N,1.02000876,0,0,NA,NA,1,1,60,89.91472358
23.1.2022,CP,Para_FR,Y,1.083016613,5,3,NA,NA,1,1,60,74.6424065
23.1.2022,CP,Comp_Control,N,1.076869505,0,0,NA,NA,25,53.66174797,90,96.82482114
23.1.2022,CP,MSFR,Y,1.099921158,5,3,NA,NA,25,34.09982927,90,109.2596585
23.1.2022,CP,MSFR,Y,1.118362481,5,3,NA,NA,25,18.04303252,90,130.9413415
23.1.2022,CP,Comp_Control,N,1.032302975,0,0,NA,NA,65,104.0520488,90,123.0631626
23.1.2022,CP,MSFR,Y,1.067648844,5,3,NA,NA,65,98.37708943,90,102.5999268
23.1.2022,CP,MSFR,Y,1.08916372,5,3,NA,NA,65,58.85266667,90,157.9641626
23.1.2022,CP,Comp_Control,N,1.073795951,0,0,NA,NA,180,322.7215854,90,118.773561
23.1.2022,CP,MSFR,Y,1.075332728,5,0,NA,NA,180,207.5366016,90,92.86904065
23.1.2022,CP,MSFR,Y,1.106068266,5,10,NA,NA,180,209.689748,90,133.7621301
23.1.2022,CP,Comp_Control,N,1.078406282,0,0,NA,NA,490,525.1173415,90,136.1155691
23.1.2022,CP,MSFR,Y,1.047670744,5,7,NA,NA,490,446.8863577,90,91.80081301
23.1.2022,CP,MSFR,Y,1.079943059,5,7,NA,NA,490,434.368065,90,126.8520325
23.1.2022,CP,Para_Con,N,1.035376529,0,0,NA,NA,1,1,140,215.1644146
23.1.2022,CP,Para_FR,Y,1.009251322,5,3,NA,NA,1,1,140,142.0575854
23.1.2022,CP,Comp_Control,N,1.110678597,0,0,NA,NA,25,33.18182114,140,195.5190407
23.1.2022,CP,MSFR,Y,1.121436035,5,0,NA,NA,25,19.09456911,140,211.9096585
23.1.2022,CP,MSFR,Y,1.084553389,5,7,NA,NA,25,23.5510813,140,200.609813
23.1.2022,CP,Comp_Control,N,1.026155868,0,0,NA,NA,65,158.2812927,140,206.8856504
23.1.2022,CP,MSFR,Y,1.027692645,5,7,NA,NA,65,69.75192683,140,145.178813
23.1.2022,CP,MSFR,Y,1.038450083,5,7,NA,NA,65,74.2585122,140,152.3392764
23.1.2022,CP,Comp_Control,N,1.046133967,0,0,NA,NA,180,196.8877073,140,177.5761545
23.1.2022,CP,MSFR,Y,1.052281075,5,0,NA,NA,180,240.484748,140,169.514374
23.1.2022,CP,MSFR,Y,1.050744298,5,3,NA,NA,180,262.9342195,140,203.7811138
23.1.2022,CP,Comp_Control,N,1.024619091,0,0,NA,NA,490,451.8936748,140,129.7228943
23.1.2022,CP,MSFR,Y,1.021545537,5,3,NA,NA,490,447.8711301,140,97.59260976
23.1.2022,CP,MSFR,Y,1.004640991,5,7,NA,NA,490,435.0190163,140,141.2564146
23.1.2022,CP,Comp_Control,N,1.069185621,0,0,NA,NA,25,26.12150407,210,314.976935
23.1.2022,CP,MSFR,Y,1.055354629,5,3,NA,NA,25,24.60261789,210,291.9933496
23.1.2022,CP,MSFR,Y,1.04459719,5,7,NA,NA,25,23.58446341,210,201.9117154
23.1.2022,CP,Comp_Control,N,1.043060413,0,0,NA,NA,65,88.22892683,210,264.4697967
23.1.2022,CP,MSFR,Y,1.049207521,5,3,NA,NA,65,62.19087805,210,233.0071545
23.1.2022,CP,MSFR,Y,1.10914182,5,3,NA,NA,65,52.44330081,210,245.5421382
23.1.2022,CP,Comp_Control,N,1.086090166,0,0,NA,NA,180,213.8792033,210,208.821813
23.1.2022,CP,MSFR,Y,1.033839752,5,0,NA,NA,180,184.486252,210,195.1518374
23.1.2022,CP,MSFR,Y,1.036913306,5,7,NA,NA,180,151.4546504,210,241.6364309
23.1.2022,CP,Comp_Control,N,1.007714545,0,0,NA,NA,490,456.0163659,210,198.9407073
23.1.2022,CP,MSFR,Y,1.066112067,5,3,NA,NA,490,445.7012927,210,203.3137642
23.1.2022,CP,MSFR,Y,1.029229421,5,7,NA,NA,490,438.3906098,210,188.8926911
23.1.2022,CP,Para_Con,N,1.107605043,0,0,NA,NA,1,1,325,560.2687073
23.1.2022,CP,Para_FR,Y,1.018471983,5,0,NA,NA,1,1,325,324.090252
23.1.2022,CP,Comp_Control,N,1.092237274,0,0,NA,NA,25,44.9323252,500,549.1357724
23.1.2022,CP,MSFR,Y,1.058428182,5,0,NA,NA,25,38.10568293,500,403.2392439
23.1.2022,CP,MSFR,Y,1.059964959,5,3,NA,NA,25,28.17450407,500,437.2556179
23.1.2022,CP,Comp_Control,N,1.090700497,0,0,NA,NA,65,81.45235772,500,607.7213821
23.1.2022,CP,MSFR,Y,1.003104214,5,7,NA,NA,65,74.9929187,500,468.5346585
23.1.2022,CP,MSFR,Y,1.096847605,5,7,NA,NA,65,69.5683252,500,434.5850488
23.1.2022,CP,Comp_Control,N,1.119899258,0,0,NA,NA,180,234.8097886,500,480.0514878
23.1.2022,CP,MSFR,Y,1.010788099,5,0,NA,NA,180,167.5281382,500,492.7366911
23.1.2022,CP,MSFR,Y,1.093774051,5,3,NA,NA,180,168.0121789,500,530.3750244
24.1.2022,CP,Comp_Control,N,1.107830817,0,0,NA,NA,40,94.77182114,25,26.73907317
24.1.2022,CP,MSFR,Y,1.078377851,5,3,NA,NA,40,33.86615447,25,43.4635122
24.1.2022,CP,MSFR,Y,1.100080036,5,3,NA,NA,40,41.11007317,25,54.4629187
24.1.2022,CP,Comp_Control,N,1.069076914,0,0,NA,NA,110,185.0036748,25,43.71387805
24.1.2022,CP,MSFR,Y,1.174487529,5,0,NA,NA,110,195.2686748,25,33.26527642
24.1.2022,CP,MSFR,Y,1.141934251,5,13,NA,NA,110,110.2110488,25,26.5721626
24.1.2022,CP,Comp_Control,N,1.157435812,0,0,NA,NA,300,484.4746179,25,43.01285366
24.1.2022,CP,MSFR,Y,1.095429568,5,7,NA,NA,300,443.5982195,25,42.19499187
24.1.2022,CP,MSFR,Y,1.176037685,5,7,NA,NA,300,351.9643171,25,28.44156098
24.1.2022,CP,Comp_Control,N,1.059775978,0,0,NA,NA,800,844.968065,25,19.72797332
24.1.2022,CP,MSFR,Y,1.064426446,5,3,NA,NA,800,756.0548049,25,36.28635772
24.1.2022,CP,MSFR,Y,1.121782222,5,3,NA,NA,800,791.272935,25,26.18826829
24.1.2022,CP,Para_Con,N,1.058225822,0,0,NA,NA,1,1,40,58.61899187
24.1.2022,CP,Para_FR,Y,1.171387216,5,0,NA,NA,1,1,40,67.16481301
24.1.2022,CP,Comp_Control,N,1.096979724,0,0,NA,NA,40,74.2585122,40,56.04856911
24.1.2022,CP,MSFR,Y,1.093879412,5,3,NA,NA,40,28.24126829,40,56.5159187
24.1.2022,CP,MSFR,Y,1.123332378,5,3,NA,NA,40,46.83510569,40,65.49570732
24.1.2022,CP,Comp_Control,N,1.135733626,0,0,NA,NA,110,199.3579837,40,46.71826829
24.1.2022,CP,MSFR,Y,1.09852988,5,0,NA,NA,110,171.0165691,40,71.63801626
24.1.2022,CP,MSFR,Y,1.061326134,5,3,NA,NA,110,104.419252,40,79.08222764
24.1.2022,CP,Comp_Control,N,1.165186592,0,0,NA,NA,300,468.668187,40,60.70537398
24.1.2022,CP,MSFR,Y,1.115581597,5,0,NA,NA,300,297.2844146,40,67.61547154
24.1.2022,CP,MSFR,Y,1.177587841,5,0,NA,NA,300,344.4199593,40,59.78736585
24.1.2022,CP,Comp_Control,N,1.138833939,0,0,NA,NA,800,834.9534309,40,51.35838211
24.1.2022,CP,MSFR,Y,1.101630192,5,3,NA,NA,800,808.1976667,40,47.68634959
24.1.2022,CP,MSFR,Y,1.168286904,5,3,NA,NA,800,758.5417724,40,50.05647967
24.1.2022,CP,Para_Con,N,1.109380973,0,0,NA,NA,1,1,90,127.3694553
24.1.2022,CP,Para_FR,Y,1.160536124,5,10,NA,NA,1,1,90,121.2939106
24.1.2022,CP,Comp_Control,N,1.112481285,0,0,NA,NA,40,79.53288618,90,167.3111545
24.1.2022,CP,MSFR,Y,1.166736748,5,0,NA,NA,40,67.61547154,90,197.9225528
24.1.2022,CP,MSFR,Y,1.070627071,5,7,NA,NA,40,48.95486992,90,97.3422439
24.1.2022,CP,Comp_Control,N,1.103180348,0,0,NA,NA,110,232.2560569,90,125.6836585
24.1.2022,CP,MSFR,Y,1.067526758,5,3,NA,NA,110,139.8376748,90,174.8555122
24.1.2022,CP,MSFR,Y,1.149685031,5,3,NA,NA,110,108.7756179,90,181.6654634
24.1.2022,CP,Comp_Control,N,1.158985968,0,0,NA,NA,300,334.939439,90,135.0139593
24.1.2022,CP,MSFR,Y,1.179137997,5,3,NA,NA,300,312.923935,90,232.6065691
24.1.2022,CP,MSFR,Y,1.092329256,5,7,NA,NA,300,295.4483984,90,125.3164553
24.1.2022,CP,Comp_Control,N,1.073727383,0,0,NA,NA,800,775.0993008,90,91.93434146
24.1.2022,CP,MSFR,Y,1.132633314,5,3,NA,NA,800,693.2463577,90,111.7633171
24.1.2022,CP,MSFR,Y,1.129533002,5,10,NA,NA,800,716.0797236,90,116.6371057
24.1.2022,CP,Comp_Control,N,1.16208628,0,0,NA,NA,40,68.70039024,140,198.6569593
24.1.2022,CP,MSFR,Y,1.05512551,5,3,NA,NA,40,31.98006504,140,199.0909268
24.1.2022,CP,MSFR,Y,1.148134875,5,3,NA,NA,40,39.32413008,140,182.1495041
24.1.2022,CP,Comp_Control,N,1.084578475,0,0,NA,NA,110,185.9049919,140,192.6314878
24.1.2022,CP,MSFR,Y,1.155885656,5,3,NA,NA,110,136.1322602,140,199.0408537
24.1.2022,CP,MSFR,Y,1.075277539,5,7,NA,NA,110,137.551,140,145.5126341
24.1.2022,CP,Comp_Control,N,1.152785343,0,0,NA,NA,300,321.2861545,140,184.7032358
24.1.2022,CP,MSFR,Y,1.072177227,5,0,NA,NA,300,225.0455203,140,185.955065
24.1.2022,CP,MSFR,Y,1.083028319,5,0,NA,NA,300,284.4489919,140,177.3925528
24.1.2022,CP,Comp_Control,N,1.16983706,0,0,NA,NA,800,746.6744309,140,159.4830488
24.1.2022,CP,MSFR,Y,1.087678788,5,0,NA,NA,800,755.2870163,140,103.2842602
24.1.2022,CP,MSFR,Y,1.154335499,5,7,NA,NA,800,759.1426504,140,194.3673577
24.1.2022,CP,Para_Con,N,1.117131753,0,0,NA,NA,1,1,210,255.0727317
24.1.2022,CP,Para_FR,Y,1.081478163,5,7,NA,NA,1,1,210,269.0932195
24.1.2022,CP,Comp_Control,N,1.163636436,0,0,NA,NA,40,45.13261789,210,303.2097398
24.1.2022,CP,MSFR,Y,1.086128631,5,0,NA,NA,40,39.60787805,210,224.2276585
24.1.2022,CP,MSFR,Y,1.076827695,5,3,NA,NA,40,27.17304065,210,212.4103902
24.1.2022,CP,Comp_Control,N,1.127982846,0,0,NA,NA,110,72.75631707,210,241.7866504
24.1.2022,CP,MSFR,Y,1.172937373,5,0,NA,NA,110,92.48514634,210,253.0698049
24.1.2022,CP,MSFR,Y,1.143484407,5,7,NA,NA,110,81.86963415,210,258.9116748
24.1.2022,CP,Comp_Control,N,1.06287629,0,0,NA,NA,300,316.7795691,210,226.9649919
24.1.2022,CP,MSFR,Y,1.124882534,5,3,NA,NA,300,284.4323008,210,276.4873577
24.1.2022,CP,MSFR,Y,1.151235187,5,3,NA,NA,300,200.9937073,210,219.3371789
24.1.2022,CP,Comp_Control,N,1.065976602,0,0,NA,NA,800,742.1010813,210,222.9758293
24.1.2022,CP,MSFR,Y,1.056675666,5,3,NA,NA,800,787.751122,210,229.9193089
24.1.2022,CP,MSFR,Y,1.146584719,5,7,NA,NA,800,659.8642439,210,235.811252
24.1.2022,CP,Para_Con,N,1.13418347,0,0,NA,NA,1,1,500,658.9295447
24.1.2022,CP,Para_FR,Y,1.079928007,5,0,NA,NA,1,1,500,553.8092683
24.1.2022,CP,Comp_Control,N,1.140384095,0,0,NA,NA,40,60.65530081,500,573.1542033
24.1.2022,CP,MSFR,Y,1.145034563,5,0,NA,NA,40,61.05588618,500,559.2672439
24.1.2022,CP,MSFR,Y,1.104730505,5,10,NA,NA,40,47.48605691,500,599.8598943
24.1.2022,CP,Comp_Control,N,1.114031441,0,0,NA,NA,110,96.491,500,570.6004715
24.1.2022,CP,MSFR,Y,1.089228944,5,3,NA,NA,110,111.5296423,500,471.322065
24.1.2022,CP,MSFR,Y,1.120232065,5,3,NA,NA,110,105.7712276,500,571.5184797
24.1.2022,CP,Comp_Control,N,1.106280661,0,0,NA,NA,300,259.9465203,500,556.5632927
24.1.2022,CP,MSFR,Y,1.118681909,5,3,NA,NA,300,259.7963008,500,570.5003252
24.1.2022,CP,MSFR,Y,1.110931129,5,10,NA,NA,300,304.2445854,500,533.7633089
26.1.2022,CP,Para_Con,N,1.069014876,0,0,NA,NA,1,1,25,34.26673984
26.1.2022,CP,Para_FR,Y,1.118560939,5,3,NA,NA,1,1,25,35.56864228
26.1.2022,CP,Comp_Control,N,1.110303262,0,0,NA,NA,25,46.1340813,25,25.94118593
26.1.2022,CP,MSFR,Y,1.123515545,5,0,NA,NA,25,18.92765854,25,47.30245528
26.1.2022,CP,MSFR,Y,1.06406027,5,13,NA,NA,25,17.90950407,25,26.23834146
26.1.2022,CP,Comp_Control,N,1.047544916,0,0,NA,NA,65,104.7697642,25,37.23774797
26.1.2022,CP,MSFR,Y,1.007908066,5,3,NA,NA,65,70.72000813,25,18.32678049
26.1.2022,CP,MSFR,Y,1.059105664,5,7,NA,NA,65,72.9399187,25,19.45186204
26.1.2022,CP,Comp_Control,N,1.022771885,0,0,NA,NA,180,222.0411301,25,22.68314634
26.1.2022,CP,MSFR,Y,1.100394049,5,3,NA,NA,180,210.0736423,25,31.79646341
26.1.2022,CP,MSFR,Y,1.116909404,5,10,NA,NA,180,199.2745285,25,39.45765854
26.1.2022,CP,Comp_Control,N,1.016165743,0,0,NA,NA,490,501.1156016,25,10.89926016
26.1.2022,CP,MSFR,Y,1.060757199,5,3,NA,NA,490,444.2324797,25,22.21579675
26.1.2022,CP,MSFR,Y,1.02442342,5,7,NA,NA,490,465.4968862,25,30.9118374
26.1.2022,CP,Comp_Control,N,1.075621018,0,0,NA,NA,25,30.16073984,40,45.91709756
26.1.2022,CP,MSFR,Y,1.009559601,5,0,NA,NA,25,25.25356911,40,27.6570813
26.1.2022,CP,MSFR,Y,1.044241845,5,3,NA,NA,25,13.70335772,40,50.02309756
26.1.2022,CP,Comp_Control,N,1.001301924,0,0,NA,NA,65,98.72760163,40,55.93173171
26.1.2022,CP,MSFR,Y,1.111954797,5,0,NA,NA,65,61.07257724,40,66.0465122
26.1.2022,CP,MSFR,Y,1.052499522,5,3,NA,NA,65,45.93378862,40,60.52177236
26.1.2022,CP,Comp_Control,N,1.115257868,0,0,NA,NA,180,273.7667154,40,71.15397561
26.1.2022,CP,MSFR,Y,1.029378026,5,3,NA,NA,180,141.9240569,40,29.14258537
26.1.2022,CP,MSFR,Y,1.083878695,5,7,NA,NA,180,207.2528537,40,46.3677561
26.1.2022,CP,Comp_Control,N,1.012862672,0,0,NA,NA,490,512.064935,40,53.27005538
26.1.2022,CP,MSFR,Y,1.00295346,5,0,NA,NA,490,421.8998455,40,40.25882927
26.1.2022,CP,MSFR,Y,1.021120349,5,3,NA,NA,490,426.6734878,40,67.6321626
26.1.2022,CP,Para_Con,N,1.077272554,0,0,NA,NA,1,1,60,53.91211382
26.1.2022,CP,Para_FR,Y,1.062408735,5,7,NA,NA,1,1,60,69.9188374
26.1.2022,CP,Comp_Control,N,1.037635703,0,0,NA,NA,25,19.94581301,90,84.75718699
26.1.2022,CP,MSFR,Y,1.006256531,5,3,NA,NA,25,28.8588374,90,101.7486829
26.1.2022,CP,MSFR,Y,1.070666412,5,3,NA,NA,25,27.07289431,90,78.1308374
26.1.2022,CP,Comp_Control,N,1.011211137,0,0,NA,NA,65,56.71621138,90,80.43420325
26.1.2022,CP,MSFR,Y,1.073969483,5,3,NA,NA,65,64.32733333,90,72.28896748
26.1.2022,CP,MSFR,Y,1.090484837,5,7,NA,NA,65,67.06466667,90,76.89569919
26.1.2022,CP,Comp_Control,N,1.133424758,0,0,NA,NA,180,172.9026585,90,107.2567317
26.1.2022,CP,MSFR,Y,1.098742514,5,3,NA,NA,180,171.9512683,90,93.48660976
26.1.2022,CP,MSFR,Y,1.040938774,5,7,NA,NA,180,184.486252,90,73.97476423
26.1.2022,CP,Comp_Control,N,1.065711806,0,0,NA,NA,490,419.7133171,90,64.32733333
26.1.2022,CP,MSFR,Y,1.027726491,5,3,NA,NA,490,427.9920813,90,87.49452033
26.1.2022,CP,MSFR,Y,1.097090979,5,7,NA,NA,490,488.2134146,90,84.12292683
26.1.2022,CP,Para_Con,N,1.026074956,0,0,NA,NA,1,1,140,132.259935
26.1.2022,CP,Para_FR,Y,1.102045585,5,3,NA,NA,1,1,140,204.1650081
26.1.2022,CP,Comp_Control,N,1.050847987,0,0,NA,NA,25,39.20729268,140,126.0341707
26.1.2022,CP,MSFR,Y,1.08222716,5,3,NA,NA,25,20.74698374,140,150.0359106
26.1.2022,CP,MSFR,Y,1.067363341,5,10,NA,NA,25,30.46117886,140,145.2288862
26.1.2022,CP,Comp_Control,N,1.078924089,0,0,NA,NA,65,68.86730081,140,167.0774797
26.1.2022,CP,MSFR,Y,1.019468814,5,0,NA,NA,65,60.97243089,140,119.7082602
26.1.2022,CP,MSFR,Y,1.12186401,5,3,NA,NA,65,46.23422764,140,120.826561
26.1.2022,CP,Comp_Control,N,1.055802593,0,0,NA,NA,180,169.9817236,140,117.9390081
26.1.2022,CP,MSFR,Y,1.072317947,5,7,NA,NA,180,187.0399837,140,144.1773496
26.1.2022,CP,MSFR,Y,1.095439443,5,7,NA,NA,180,138.5691545,140,136.0488049
26.1.2022,CP,Comp_Control,N,1.130121687,0,0,NA,NA,490,466.2646748,140,183.4847886
26.1.2022,CP,MSFR,Y,1.035984168,5,3,NA,NA,490,439.9762602,140,155.4938862
26.1.2022,CP,MSFR,Y,1.04259031,5,7,NA,NA,490,396.3124553,140,109.0426748
26.1.2022,CP,Comp_Control,N,1.113606333,0,0,NA,NA,25,40.37566667,210,226.5810976
26.1.2022,CP,MSFR,Y,1.125167081,5,0,NA,NA,25,39.45765854,210,196.7041057
26.1.2022,CP,MSFR,Y,1.120212474,5,3,NA,NA,25,21.80686585,210,251.7679024
26.1.2022,CP,Comp_Control,N,1.131773222,0,0,NA,NA,65,70.46964228,210,339.1288943
26.1.2022,CP,MSFR,Y,1.032681097,5,0,NA,NA,65,68.34987805,210,248.4964553
26.1.2022,CP,MSFR,Y,1.039287239,5,10,NA,NA,65,75.92761789,210,232.6065691
26.1.2022,CP,Comp_Control,N,1.080575624,0,0,NA,NA,180,205.3,210,195.4022033
26.1.2022,CP,MSFR,Y,1.049196451,5,3,NA,NA,180,155.5773415,210,226.9816829
26.1.2022,CP,MSFR,Y,1.085530231,5,3,NA,NA,180,132.1430976,210,197.8724797
26.1.2022,CP,Comp_Control,N,1.105348656,0,0,NA,NA,490,457.5853252,210,224.945374
26.1.2022,CP,MSFR,Y,1.057454129,5,0,NA,NA,490,430.7127236,210,146.8813008
26.1.2022,CP,MSFR,Y,1.107000191,5,10,NA,NA,490,603.4317805,210,261.7324634
26.1.2022,CP,Para_Con,N,1.034332633,0,0,NA,NA,1,1,325,274.9684715
26.1.2022,CP,Para_FR,Y,1.108651727,5,3,NA,NA,1,1,325,366.3520081
26.1.2022,CP,Comp_Control,N,1.014514208,0,0,NA,NA,25,25.55400813,500,544.7627154
26.1.2022,CP,MSFR,Y,1.092136372,5,3,NA,NA,25,18.72736585,500,361.8621138
26.1.2022,CP,MSFR,Y,1.128470152,5,3,NA,NA,25,29.57655285,500,475.8286504
26.1.2022,CP,Comp_Control,N,1.126818616,0,0,NA,NA,65,60.23802439,500,474.0760894
26.1.2022,CP,MSFR,Y,1.088833302,5,3,NA,NA,65,48.0702439,500,416.0412846
26.1.2022,CP,MSFR,Y,1.031029562,5,7,NA,NA,65,55.41430894,500,389.0017724
26.1.2022,CP,Comp_Control,N,1.045893381,0,0,NA,NA,180,170.6660569,500,415.2568049
26.1.2022,CP,MSFR,Y,1.017817278,5,0,NA,NA,180,154.0250732,500,436.6380488
26.1.2022,CP,MSFR,Y,1.087181766,5,7,NA,NA,180,194.4007398,500,589.0440894
27.1.2022,CP,Comp_Control,N,1.119196133,0,0,NA,NA,40,85.3747561,25,35.10129268
27.1.2022,CP,MSFR,Y,1.078776121,5,3,NA,NA,40,41.2936748,25,32.6143252
27.1.2022,CP,MSFR,Y,1.117641517,5,3,NA,NA,40,44.29806504,25,20.74698374
27.1.2022,CP,Comp_Control,N,1.047683805,0,0,NA,NA,110,148.1498211,25,37.77186179
27.1.2022,CP,MSFR,Y,1.052347652,5,3,NA,NA,110,82.70418699,25,35.71886179
27.1.2022,CP,MSFR,Y,1.064784579,5,7,NA,NA,110,83.85586992,25,20.11272358
27.1.2022,CP,Comp_Control,N,1.027473799,0,0,NA,NA,300,340.1470488,25,46.60143089
27.1.2022,CP,MSFR,Y,1.005709177,5,7,NA,NA,300,289.2226341,25,20.99734959
27.1.2022,CP,MSFR,Y,1.06789381,5,10,NA,NA,300,248.413,25,43.00792843
27.1.2022,CP,Comp_Control,N,1.022809951,0,0,NA,NA,800,772.2451301,25,19.43140011
27.1.2022,CP,MSFR,Y,1.095876895,5,3,NA,NA,800,770.175439,25,32.34726829
27.1.2022,CP,MSFR,Y,1.081885353,5,10,NA,NA,800,727.3962602,25,41.93628049
27.1.2022,CP,Para_Con,N,1.00104533,0,0,NA,NA,1,1,40,46.68488618
27.1.2022,CP,Para_FR,Y,1.058566115,5,7,NA,NA,1,1,40,66.44709756
27.1.2022,CP,Comp_Control,N,1.036801494,0,0,NA,NA,40,64.14373171,40,44.971271
27.1.2022,CP,MSFR,Y,1.010373025,5,0,NA,NA,40,46.11739024,40,53.76189431
27.1.2022,CP,MSFR,Y,1.092767664,5,3,NA,NA,40,36.11944715,40,67.26495935
27.1.2022,CP,Comp_Control,N,1.039910726,0,0,NA,NA,110,152.0388374,40,55.64798374
27.1.2022,CP,MSFR,Y,1.033692262,5,7,NA,NA,110,140.9893577,40,69.13435772
27.1.2022,CP,MSFR,Y,1.108313822,5,7,NA,NA,110,85.44152033,40,34.76747154
27.1.2022,CP,Comp_Control,N,1.111423054,0,0,NA,NA,300,319.0328618,40,43.74726016
27.1.2022,CP,MSFR,Y,1.088103816,5,3,NA,NA,300,292.994813,40,58.41869919
27.1.2022,CP,MSFR,Y,1.071003042,5,7,NA,NA,300,303.4434146,40,36.98738211
27.1.2022,CP,Comp_Control,N,1.044574573,0,0,NA,NA,800,784.2960732,40,60.52177236
27.1.2022,CP,MSFR,Y,1.100540743,5,3,NA,NA,800,799.8521382,40,13.92973895
27.1.2022,CP,MSFR,Y,1.102095359,5,7,NA,NA,800,755.8378211,40,44.8154878
27.1.2022,CP,Para_Con,N,1.083439969,0,0,NA,NA,1,1,90,81.98647154
27.1.2022,CP,Para_FR,Y,1.060120731,5,0,NA,NA,1,1,90,84.27314634
27.1.2022,CP,Comp_Control,N,1.007263793,0,0,NA,NA,40,41.49396748,90,83.67226829
27.1.2022,CP,MSFR,Y,1.049238421,5,3,NA,NA,40,43.02954472,90,93.18617073
27.1.2022,CP,MSFR,Y,1.116086901,5,3,NA,NA,40,39.8582439,90,90.96626016
27.1.2022,CP,Comp_Control,N,1.002599946,0,0,NA,NA,110,101.4315528,90,112.5477967
27.1.2022,CP,MSFR,Y,1.120750749,5,0,NA,NA,110,84.00608943,90,116.0028455
27.1.2022,CP,MSFR,Y,1.072557658,5,7,NA,NA,110,93.43653659,90,85.77534146
27.1.2022,CP,Comp_Control,N,1.043019957,0,0,NA,NA,300,308.9681545,90,106.2552683
27.1.2022,CP,MSFR,Y,1.013482256,5,7,NA,NA,300,285.2501626,90,87.22746341
27.1.2022,CP,MSFR,Y,1.114532285,5,7,NA,NA,300,283.3640732,90,109.7103171
27.1.2022,CP,Comp_Control,N,1.004154562,0,0,NA,NA,800,788.5856748,90,153.0069187
27.1.2022,CP,MSFR,Y,1.035246878,5,3,NA,NA,800,636.6553293,90,51.85076829
27.1.2022,CP,MSFR,Y,1.055456884,5,3,NA,NA,800,798.3833252,90,76.41165854
27.1.2022,CP,Comp_Control,N,1.024364567,0,0,NA,NA,40,43.29660163,140,167.4446829
27.1.2022,CP,MSFR,Y,1.008818409,5,3,NA,NA,40,39.34082114,140,146.9647561
27.1.2022,CP,MSFR,Y,1.091213048,5,7,NA,NA,40,43.83071545,140,131.5255285
27.1.2022,CP,Comp_Control,N,1.032137646,0,0,NA,NA,110,110.3445772,140,155.427122
27.1.2022,CP,MSFR,Y,1.094322279,5,3,NA,NA,110,86.47636585,140,165.7922683
27.1.2022,CP,MSFR,Y,1.098986127,5,3,NA,NA,110,108.6754715,140,145.6795447
27.1.2022,CP,Comp_Control,N,1.016591488,0,0,NA,NA,300,245.5087561,140,135.2643252
27.1.2022,CP,MSFR,Y,1.029028415,5,3,NA,NA,300,298.269187,140,129.1220163
27.1.2022,CP,MSFR,Y,1.063229963,5,13,NA,NA,300,331.701374,140,151.5214146
27.1.2022,CP,Comp_Control,N,1.021255336,0,0,NA,NA,800,838.8925203,140,131.7258211
27.1.2022,CP,MSFR,Y,1.025919183,5,3,NA,NA,800,684.8006829,140,119.1574553
27.1.2022,CP,MSFR,Y,1.097431511,5,7,NA,NA,800,774.2313659,140,115.3518943
27.1.2022,CP,Para_Con,N,1.12385998,0,0,NA,NA,1,1,210,292.8112114
27.1.2022,CP,Para_FR,Y,1.046129189,5,7,NA,NA,1,1,210,208.5714472
27.1.2022,CP,Comp_Control,N,1.018146104,0,0,NA,NA,40,39.7414065,210,180.6806911
27.1.2022,CP,MSFR,Y,1.0570115,5,3,NA,NA,40,35.0178374,210,204.5655935
27.1.2022,CP,MSFR,Y,1.089658432,5,3,NA,NA,40,24.95313008,210,193.9333902
27.1.2022,CP,Comp_Control,N,1.122305364,0,0,NA,NA,110,121.2772195,210,232.573187
27.1.2022,CP,MSFR,Y,1.103649974,5,3,NA,NA,110,173.052878,210,292.4940813
27.1.2022,CP,MSFR,Y,1.109868438,5,3,NA,NA,110,117.4883496,210,198.5735041
27.1.2022,CP,Comp_Control,N,1.07566689,0,0,NA,NA,300,331.9183577,210,171.9011951
27.1.2022,CP,MSFR,Y,1.066339195,5,3,NA,NA,300,334.2384146,210,186.8563821
27.1.2022,CP,MSFR,Y,1.030583031,5,7,NA,NA,300,261.6323171,210,188.876
27.1.2022,CP,Comp_Control,N,1.112977669,0,0,NA,NA,800,742.7854146,210,209.2223984
27.1.2022,CP,MSFR,Y,1.011927641,5,0,NA,NA,800,730.8346179,210,219.7878374
27.1.2022,CP,MSFR,Y,1.074112274,5,7,NA,NA,800,726.8287642,210,219.2871057
27.1.2022,CP,Para_Con,N,1.01970072,0,0,NA,NA,1,1,500,490.3498699
27.1.2022,CP,Para_FR,Y,1.084994585,5,3,NA,NA,1,1,500,446.5692276
27.1.2022,CP,Comp_Control,N,1.03835611,0,0,NA,NA,40,35.28489431,500,481.2198618
27.1.2022,CP,MSFR,Y,1.125414596,5,0,NA,NA,40,42.36190244,500,433.6670407
27.1.2022,CP,MSFR,Y,1.061675347,5,3,NA,NA,40,20.11272358,500,467.6166504
27.1.2022,CP,Comp_Control,N,1.080330737,0,0,NA,NA,110,141.5568537,500,543.6277236
27.1.2022,CP,MSFR,Y,1.050793036,5,0,NA,NA,110,133.5284553,500,486.1937967
27.1.2022,CP,MSFR,Y,1.069448426,5,3,NA,NA,110,89.88134146,500,410.0825772
27.1.2022,CP,Comp_Control,N,1.015036872,0,0,NA,NA,300,319.967561,500,443.8485854
27.1.2022,CP,MSFR,Y,1.077221505,5,3,NA,NA,300,313.3579024,500,425.2046748
27.1.2022,CP,MSFR,Y,1.053902268,5,10,NA,NA,300,254.855748,500,482.2213252
29.1.2022,CP,Para_Con,N,1.087644941,0,0,NA,NA,1,1,25,29.34287805
29.1.2022,CP,Para_FR,Y,1.084402236,5,0,NA,NA,1,1,25,48.15369919
29.1.2022,CP,Comp_Control,N,1.066567358,0,0,NA,NA,25,34.73408943,25,31.36249593
29.1.2022,CP,MSFR,Y,1.026033544,5,3,NA,NA,25,28.94229268,25,27.17304065
29.1.2022,CP,MSFR,Y,1.04873248,5,10,NA,NA,25,23.61784553,25,31.36249593
29.1.2022,CP,Comp_Control,N,1.05521789,0,0,NA,NA,65,88.92995122,25,30.24419512
29.1.2022,CP,MSFR,Y,1.043868422,5,0,NA,NA,65,47.40260163,25,28.6251626
29.1.2022,CP,MSFR,Y,1.056839242,5,3,NA,NA,65,41.82778862,25,26.83921951
29.1.2022,CP,Comp_Control,N,1.129800108,0,0,NA,NA,180,245.0580976,25,20.3939605
29.1.2022,CP,MSFR,Y,1.022790838,5,3,NA,NA,180,172.7691301,25,19.26147967
29.1.2022,CP,MSFR,Y,1.090887647,5,10,NA,NA,180,147.4654878,25,29.20934959
29.1.2022,CP,Comp_Control,N,1.006577313,0,0,NA,NA,490,507.7920244,25,37.37127642
29.1.2022,CP,MSFR,Y,1.076295473,5,3,NA,NA,490,388.5344228,25,22.36601626
29.1.2022,CP,MSFR,Y,1.107101172,5,3,NA,NA,490,458.8204634,25,43.61373171
29.1.2022,CP,Comp_Control,N,1.110343877,0,0,NA,NA,25,19.74552033,40,54.78004878
29.1.2022,CP,MSFR,Y,1.082780884,5,3,NA,NA,25,19.87904878,40,54.39615447
29.1.2022,CP,MSFR,Y,1.063324653,5,7,NA,NA,25,26.78914634,40,36.38650407
29.1.2022,CP,Comp_Control,N,1.050353832,0,0,NA,NA,65,102.4163252,40,44.1979187
29.1.2022,CP,MSFR,Y,1.024412191,5,3,NA,NA,65,59.60376423,40,48.80465041
29.1.2022,CP,MSFR,Y,1.113586583,5,3,NA,NA,65,37.32120325,40,37.97215447
29.1.2022,CP,Comp_Control,N,1.098994409,0,0,NA,NA,180,189.2598943,40,37.43804065
29.1.2022,CP,MSFR,Y,1.115207935,5,0,NA,NA,180,164.5571301,40,38.2725935
29.1.2022,CP,MSFR,Y,1.089266294,5,3,NA,NA,180,159.0824634,40,44.68195935
29.1.2022,CP,Comp_Control,N,1.019548133,0,0,NA,NA,490,469.4693577,40,53.21108943
29.1.2022,CP,MSFR,Y,1.081159531,5,0,NA,NA,490,377.8521463,40,47.5695122
29.1.2022,CP,MSFR,Y,1.045489774,5,7,NA,NA,490,424.3033577,40,51.4418374
29.1.2022,CP,Para_Con,N,1.008198665,0,0,NA,NA,1,1,60,72.97330081
29.1.2022,CP,Para_FR,Y,1.0617033,5,3,NA,NA,1,1,60,74.47549593
29.1.2022,CP,Comp_Control,N,1.027654896,0,0,NA,NA,25,47.28576423,90,71.40434146
29.1.2022,CP,MSFR,Y,1.014684076,5,3,NA,NA,25,20.93058537,90,102.1826504
29.1.2022,CP,MSFR,Y,1.069810063,5,3,NA,NA,25,13.82019512,90,94.52145528
29.1.2022,CP,Comp_Control,N,1.102237115,0,0,NA,NA,65,51.99264228,90,81.91970732
29.1.2022,CP,MSFR,Y,1.030897601,5,0,NA,NA,65,57.55076423,90,87.89510569
29.1.2022,CP,MSFR,Y,1.003334607,5,7,NA,NA,65,46.66819512,90,117.0543821
29.1.2022,CP,Comp_Control,N,1.064946005,0,0,NA,NA,180,210.3573902,90,85.55835772
29.1.2022,CP,MSFR,Y,1.000091902,5,0,NA,NA,180,181.3316423,90,99.81252033
29.1.2022,CP,MSFR,Y,1.086023589,5,0,NA,NA,180,141.1061951,90,91.5337561
29.1.2022,CP,Comp_Control,N,1.058460595,0,0,NA,NA,490,439.2418537,90,102.0991951
29.1.2022,CP,MSFR,Y,1.053596537,5,3,NA,NA,490,474.5768211,90,93.01926016
29.1.2022,CP,MSFR,Y,1.016305428,5,10,NA,NA,490,441.1780163,90,83.70565041
29.1.2022,CP,Para_Con,N,1.034140306,0,0,NA,NA,1,1,140,112.9984553
29.1.2022,CP,Para_FR,Y,1.017926781,5,3,NA,NA,1,1,140,113.5993333
29.1.2022,CP,Comp_Control,N,1.123314698,0,0,NA,NA,25,35.65209756,140,144.5111707
29.1.2022,CP,MSFR,Y,1.060081948,5,0,NA,NA,25,23.65957317,140,152.6063333
29.1.2022,CP,MSFR,Y,1.042247069,5,7,NA,NA,25,31.5294065,140,106.9562927
29.1.2022,CP,Comp_Control,N,1.029276249,0,0,NA,NA,65,76.06114634,140,113.215439
29.1.2022,CP,MSFR,Y,1.108722525,5,3,NA,NA,65,58.00142276,140,139.320252
29.1.2022,CP,MSFR,Y,1.095751704,5,10,NA,NA,65,46.71826829,140,112.1639024
29.1.2022,CP,Comp_Control,N,1.092508999,0,0,NA,NA,180,174.4716179,140,141.3398699
29.1.2022,CP,MSFR,Y,1.040625717,5,3,NA,NA,180,146.7811545,140,88.17885366
29.1.2022,CP,MSFR,Y,1.126557403,5,7,NA,NA,180,152.205748,140,142.8921382
29.1.2022,CP,Comp_Control,N,1.009820018,0,0,NA,NA,490,448.9560488,140,168.1790894
29.1.2022,CP,MSFR,Y,1.116829288,5,0,NA,NA,490,429.0269268,140,140.0713496
29.1.2022,CP,MSFR,Y,1.10547982,5,3,NA,NA,490,472.9911707,140,132.0596423
29.1.2022,CP,Comp_Control,N,1.100615762,0,0,NA,NA,25,32.33057724,210,171.4171545
29.1.2022,CP,MSFR,Y,1.11196523,5,0,NA,NA,25,14.70482114,210,218.8698293
29.1.2022,CP,MSFR,Y,1.128178756,5,7,NA,NA,25,31.01198374,210,174.805439
29.1.2022,CP,Comp_Control,N,1.121693345,0,0,NA,NA,65,91.63390244,210,203.9480244
29.1.2022,CP,MSFR,Y,1.094130352,5,3,NA,NA,65,61.00581301,210,238.3149106
29.1.2022,CP,MSFR,Y,1.11845064,5,7,NA,NA,65,48.35399187,210,164.2566911
29.1.2022,CP,Comp_Control,N,1.039004364,0,0,NA,NA,180,197.0546179,210,186.8897642
29.1.2022,CP,MSFR,Y,1.01144137,5,3,NA,NA,180,166.4265285,210,221.4068699
29.1.2022,CP,MSFR,Y,1.097373057,5,3,NA,NA,180,168.2959268,210,230.0194553
29.1.2022,CP,Comp_Control,N,1.06818871,0,0,NA,NA,490,493.3876423,210,186.7896179
29.1.2022,CP,MSFR,Y,1.032518954,5,0,NA,NA,490,400.9525691,210,221.3401057
29.1.2022,CP,MSFR,Y,1.073052768,5,0,NA,NA,490,425.7220976,210,223.4264878
29.1.2022,CP,Para_Con,N,1.079538178,0,0,NA,NA,1,1,325,268.8261626
29.1.2022,CP,Para_FR,Y,1.013062723,5,3,NA,NA,1,1,325,312.5400407
29.1.2022,CP,Comp_Control,N,1.103858467,0,0,NA,NA,25,27.35664228,500,465.8140163
29.1.2022,CP,MSFR,Y,1.120071993,5,0,NA,NA,25,27.60700813,500,394.5265122
29.1.2022,CP,MSFR,Y,1.037383012,5,7,NA,NA,25,25.33702439,500,481.1864797
29.1.2022,CP,Comp_Control,N,1.047111127,0,0,NA,NA,65,62.09073171,500,500.4479593
29.1.2022,CP,MSFR,Y,1.021169486,5,3,NA,NA,65,70.56978862,500,428.793252
29.1.2022,CP,MSFR,Y,1.074674121,5,3,NA,NA,65,63.04212195,500,399.3168455
29.1.2022,CP,Comp_Control,N,1.051975185,0,0,NA,NA,180,183.9354472,500,385.4298862
29.1.2022,CP,MSFR,Y,1.124936051,5,3,NA,NA,180,140.5553902,500,413.3707154
29.1.2022,CP,MSFR,Y,1.001713255,5,7,NA,NA,180,154.3422033,500,439.2585447
30.1.2022,CP,Comp_Control,N,1.087267855,0,0,NA,NA,40,67.66554472,25,25.58739024
30.1.2022,CP,MSFR,Y,1.061824987,5,0,NA,NA,40,28.0075935,25,42.04477236
30.1.2022,CP,MSFR,Y,1.103730887,5,3,NA,NA,40,41.27698374,25,28.87552846
30.1.2022,CP,Comp_Control,N,1.040872038,0,0,NA,NA,110,113.3155854,25,37.00407317
30.1.2022,CP,MSFR,Y,1.003456056,5,3,NA,NA,110,88.29569106,25,54.06233333
30.1.2022,CP,MSFR,Y,1.079784658,5,3,NA,NA,110,91.85088618,25,31.09543902
30.1.2022,CP,Comp_Control,N,1.067811544,0,0,NA,NA,300,243.5725935,25,23.48431707
30.1.2022,CP,MSFR,Y,1.010939252,5,0,NA,NA,300,263.2346585,25,26.20495935
30.1.2022,CP,MSFR,Y,1.024409006,5,3,NA,NA,300,237.3134472,25,17.13159136
30.1.2022,CP,Comp_Control,N,1.070804823,0,0,NA,NA,800,772.5455691,25,19.94581301
30.1.2022,CP,MSFR,Y,1.042368677,5,3,NA,NA,800,745.4226016,25,29.92706504
30.1.2022,CP,MSFR,Y,1.007945974,5,10,NA,NA,800,713.4425366,25,38.6564878
30.1.2022,CP,Para_Con,N,0.998966138,0,0,NA,NA,1,1,40,41.1768374
30.1.2022,CP,Para_FR,Y,1.031892202,5,7,NA,NA,1,1,40,54.04564228
30.1.2022,CP,Comp_Control,N,1.018422449,0,0,NA,NA,40,50.1232439,40,26.03804878
30.1.2022,CP,MSFR,Y,1.051348512,5,3,NA,NA,40,29.92706504,40,51.60874797
30.1.2022,CP,MSFR,Y,1.09624769,5,13,NA,NA,40,23.26733333,40,69.75192683
30.1.2022,CP,Comp_Control,N,1.030395563,0,0,NA,NA,110,127.6865854,40,41.96131707
30.1.2022,CP,MSFR,Y,1.063321626,5,3,NA,NA,110,95.18909756,40,57.53407317
30.1.2022,CP,MSFR,Y,1.057335069,5,7,NA,NA,110,94.3211626,40,105.871374
30.1.2022,CP,Comp_Control,N,1.105227526,0,0,NA,NA,300,316.3456016,40,66.33026016
30.1.2022,CP,MSFR,Y,1.001959417,5,3,NA,NA,300,235.9948537,40,39.70802439
30.1.2022,CP,MSFR,Y,1.100737608,5,13,NA,NA,300,300.4557154,40,51.5586748
30.1.2022,CP,Comp_Control,N,1.064818266,0,0,NA,NA,800,860.0734715,40,40.40904878
30.1.2022,CP,MSFR,Y,1.004952695,5,3,NA,NA,800,758.8422114,40,49.63920325
30.1.2022,CP,MSFR,Y,1.033388841,5,3,NA,NA,800,741.8840976,40,33.39880488
30.1.2022,CP,Para_Con,N,1.072301462,0,0,NA,NA,1,1,90,120.4927398
30.1.2022,CP,Para_FR,Y,1.09774433,5,3,NA,NA,1,1,90,81.55250407
30.1.2022,CP,Comp_Control,N,1.049851873,0,0,NA,NA,40,46.26760976,90,100.9642033
30.1.2022,CP,MSFR,Y,1.106724165,5,3,NA,NA,40,43.83071545,90,84.74049593
30.1.2022,CP,MSFR,Y,1.11720064,5,7,NA,NA,40,21.39793496,90,89.26377236
30.1.2022,CP,Comp_Control,N,1.045361955,0,0,NA,NA,110,129.8898049,90,81.70272358
30.1.2022,CP,MSFR,Y,1.082777937,5,0,NA,NA,110,125.7170407,90,80.63449593
30.1.2022,CP,MSFR,Y,1.091757772,5,0,NA,NA,110,111.7633171,90,134.029187
30.1.2022,CP,Comp_Control,N,1.043865316,0,0,NA,NA,300,254.2548699,90,71.95514634
30.1.2022,CP,MSFR,Y,1.066314905,5,0,NA,NA,300,239.600122,90,79.9501626
30.1.2022,CP,MSFR,Y,1.111214083,5,0,NA,NA,300,218.202187,90,92.65205691
30.1.2022,CP,Comp_Control,N,1.114207361,0,0,NA,NA,800,769.574561,90,94.48807317
30.1.2022,CP,MSFR,Y,1.054341791,5,3,NA,NA,800,734.0726829,90,84.89071545
30.1.2022,CP,MSFR,Y,1.046858595,5,7,NA,NA,800,668.4267561,90,131.2918537
30.1.2022,CP,Comp_Control,N,1.05583843,0,0,NA,NA,40,57.1334878,140,147.3486504
30.1.2022,CP,MSFR,Y,1.094751051,5,0,NA,NA,40,36.46995935,140,168.1290163
30.1.2022,CP,MSFR,Y,1.108220804,5,7,NA,NA,40,31.86322764,140,152.2391301
30.1.2022,CP,Comp_Control,N,1.012435892,0,0,NA,NA,110,73.09013821,140,111.8300813
30.1.2022,CP,MSFR,Y,1.102234247,5,0,NA,NA,110,78.14752846,140,120.1422276
30.1.2022,CP,MSFR,Y,1.073798101,5,7,NA,NA,110,94.15425203,140,138.2353333
30.1.2022,CP,Comp_Control,N,1.093254412,0,0,NA,NA,300,293.0949593,140,155.1099919
30.1.2022,CP,MSFR,Y,1.028898923,5,7,NA,NA,300,252.4355447,140,119.7917154
30.1.2022,CP,MSFR,Y,1.052845152,5,10,NA,NA,300,237.7474146,140,136.6329919
30.1.2022,CP,Comp_Control,N,1.118697279,0,0,NA,NA,800,708.1013984,140,142.3079512
30.1.2022,CP,MSFR,Y,1.058831709,5,0,NA,NA,800,745.239,140,162.6376585
30.1.2022,CP,MSFR,Y,1.109717444,5,7,NA,NA,800,676.7055203,140,124.8491057
30.1.2022,CP,Para_Con,N,1.009442613,0,0,NA,NA,1,1,210,224.1275122
30.1.2022,CP,Para_FR,Y,1.027402284,5,7,NA,NA,1,1,210,178.5943089
30.1.2022,CP,Comp_Control,N,1.025905645,0,0,NA,NA,40,52.12617073,210,191.0458374
30.1.2022,CP,MSFR,Y,1.013932531,5,3,NA,NA,40,36.53424061,210,199.2912195
30.1.2022,CP,MSFR,Y,1.021415727,5,7,NA,NA,40,35.78562602,210,208.7049756
30.1.2022,CP,Comp_Control,N,1.099240969,0,0,NA,NA,110,96.32408943,210,203.7310407
30.1.2022,CP,MSFR,Y,1.060328348,5,0,NA,NA,110,111.7800081,210,216.9670488
30.1.2022,CP,MSFR,Y,1.022912366,5,20,NA,NA,110,97.15864228,210,184.4027967
30.1.2022,CP,Comp_Control,N,1.090261133,0,0,NA,NA,300,284.4323008,210,185.938374
30.1.2022,CP,MSFR,Y,1.075294741,5,0,NA,NA,300,285.1833984,210,164.2233089
30.1.2022,CP,MSFR,Y,1.084274576,5,0,NA,NA,300,258.4109431,210,199.4581301
30.1.2022,CP,Comp_Control,N,1.081281298,0,0,NA,NA,800,566.1272683,210,196.804252
30.1.2022,CP,MSFR,Y,1.01542917,5,3,NA,NA,800,569.849374,210,195.0850732
30.1.2022,CP,MSFR,Y,1.088764494,5,3,NA,NA,800,557.7483577,210,157.2464472
30.1.2022,CP,Para_Con,N,1.03638212,0,0,NA,NA,1,1,500,396.9800976
30.1.2022,CP,Para_FR,Y,1.03488548,5,3,NA,NA,1,1,500,509.8116423
30.1.2022,CP,Comp_Control,N,1.078288019,0,0,NA,NA,40,51.47521951,500,440.9777236
30.1.2022,CP,MSFR,Y,1.019919088,5,3,NA,NA,40,39.007,500,574.1222846
30.1.2022,CP,MSFR,Y,1.112710722,5,7,NA,NA,40,36.63686992,500,482.7220569
30.1.2022,CP,Comp_Control,N,1.037878759,0,0,NA,NA,110,81.08515447,500,439.5756748
30.1.2022,CP,MSFR,Y,1.006449334,5,7,NA,NA,110,99.37855285,500,437.4726016
30.1.2022,CP,MSFR,Y,1.016925809,5,13,NA,NA,110,80.4175122,500,480.0514878
30.1.2022,CP,Comp_Control,N,1.000462777,0,0,NA,NA,300,321.9871789,500,458.7370081
30.1.2022,CP,MSFR,Y,1.07679138,5,3,NA,NA,300,227.5491789,500,445.0169593
30.1.2022,CP,MSFR,Y,1.048355234,5,7,NA,NA,300,299.6879268,500,443.7818211
23.1.2022,CP,Colp_Con,N,1.041523637,0,0,NA,NA,25,50.90772358,1,1
23.1.2022,CP,Colp_Con,N,1.087626943,0,0,NA,NA,65,125.6502764,1,1
23.1.2022,CP,Colp_Con,N,1.023082314,0,0,NA,NA,180,279.6920407,1,1
23.1.2022,CP,Colp_Con,N,1.001567438,0,0,NA,NA,490,551.2221545,1,1
24.1.2022,CP,Colp_Con,N,1.137283782,0,0,NA,NA,40,54.59644715,1,1
24.1.2022,CP,Colp_Con,N,1.12643269,0,0,NA,NA,110,210.8080488,1,1
24.1.2022,CP,Colp_Con,N,1.0907791,0,0,NA,NA,300,429.8114065,1,1
24.1.2022,CP,Colp_Con,N,1.131083158,0,0,NA,NA,800,819.6644228,1,1
26.1.2022,CP,Colp_Con,N,1.10369712,0,0,NA,NA,25,44.4315935,1,1
26.1.2022,CP,Colp_Con,N,1.054151058,0,0,NA,NA,65,95.02218699,1,1
26.1.2022,CP,Colp_Con,N,1.004604995,0,0,NA,NA,180,274.8683252,1,1
26.1.2022,CP,Colp_Con,N,1.093787908,0,0,NA,NA,490,434.5683577,1,1
27.1.2022,CP,Colp_Con,N,1.0865492,0,0,NA,NA,40,59.6538374,1,1
27.1.2022,CP,Colp_Con,N,1.10520459,0,0,NA,NA,110,249.6147561,1,1
27.1.2022,CP,Colp_Con,N,1.041465341,0,0,NA,NA,300,393.2746829,1,1
27.1.2022,CP,Colp_Con,N,1.106759206,0,0,NA,NA,800,769.5244878,1,1
29.1.2022,CP,Colp_Con,N,1.077916826,0,0,NA,NA,25,46.61812195,1,1
29.1.2022,CP,Colp_Con,N,1.071431416,0,0,NA,NA,65,99.26171545,1,1
29.1.2022,CP,Colp_Con,N,1.00495596,0,0,NA,NA,180,270.1447561,1,1
29.1.2022,CP,Colp_Con,N,1.035761659,0,0,NA,NA,490,414.6225447,1,1
30.1.2022,CP,Colp_Con,N,1.085771215,0,0,NA,NA,40,63.77652846,1,1
30.1.2022,CP,Colp_Con,N,1.039375398,0,0,NA,NA,110,216.750065,1,1
30.1.2022,CP,Colp_Con,N,1.115704001,0,0,NA,NA,300,405.1086423,1,1
30.1.2022,CP,Colp_Con,N,1.069308184,0,0,NA,NA,800,744.654813,1,1